,,,," $1,084,159 ",,,,,
,State,County, # of Mailers ,Spend,,,,,
1,Tennessee,Shelby," 33,647 "," $22,308 ",,,,,
2,Pennsylvania,Philadelphia," 26,270 "," $17,417 ",,,,,
3,Alabama,Jefferson," 20,663 "," $13,700 ",,,,,
4,Kentucky,Fayette," 19,907 "," $13,198 ",,,,,
5,California,San Bernardino," 17,160 "," $11,377 ",,,,,
6,Ohio,Hamilton," 17,074 "," $11,320 ",,,,,
7,Kentucky,Jefferson," 16,449 "," $10,906 ",,,,,
8,Kentucky,Pulaski," 15,797 "," $10,473 ",,,,,
9,Kentucky,Madison," 15,787 "," $10,467 ",,,,,
10,Tennessee,Hamilton," 12,163 "," $8,064 ",,,,,
,Kentucky,Laurel," 12,068 "," $8,001 ",,,,,
,Maryland,Baltimore City," 11,908 "," $7,895 ",,,,,
,Pennsylvania,Schuylkill," 11,734 "," $7,780 ",,,,,
,Kentucky,Pike," 11,306 "," $7,496 ",,,,,
,Louisiana,Caddo," 10,407 "," $6,900 ",,,,,
,New Jersey,Camden," 10,065 "," $6,673 ",,,,,
,Kentucky,Franklin," 9,870 "," $6,544 ",,,,,
,New Jersey,Mercer," 9,213 "," $6,108 ",,,,,
,Kentucky,Boyd," 8,896 "," $5,898 ",,,,,
,Alabama,Montgomery," 8,802 "," $5,836 ",,,,,
,Alabama,Marshall," 8,665 "," $5,745 ",,,,,
,Pennsylvania,Delaware," 8,431 "," $5,590 ",,,,,
,Tennessee,Gibson," 8,263 "," $5,478 ",,,,,
,Kentucky,Scott," 8,234 "," $5,459 ",,,,,
,Ohio,Montgomery," 8,119 "," $5,383 ",,,,,
,Tennessee,Davidson," 8,080 "," $5,357 ",,,,,
,Kentucky,Greenup," 7,665 "," $5,082 ",,,,,
,Tennessee,Knox," 7,608 "," $5,044 ",,,,,
,Kentucky,Whitley," 7,515 "," $4,982 ",,,,,
,Kentucky,Floyd," 7,465 "," $4,949 ",,,,,
,Alabama,Talladega," 7,441 "," $4,933 ",,,,,
,Wisconsin,Milwaukee," 7,048 "," $4,673 ",,,,,
,Texas,Bexar," 7,036 "," $4,665 ",,,,,
,Ohio,Butler," 7,001 "," $4,642 ",,,,,
,Alabama,Etowah," 6,882 "," $4,563 ",,,,,
,Alabama,Walker," 6,819 "," $4,521 ",,,,,
,Arkansas,Pulaski," 6,737 "," $4,467 ",,,,,
,Alabama,Calhoun," 6,736 "," $4,466 ",,,,,
,Kentucky,Montgomery," 6,602 "," $4,377 ",,,,,
,Tennessee,Maury," 6,506 "," $4,313 ",,,,,
,Pennsylvania,Monroe," 6,496 "," $4,307 ",,,,,
,Tennessee,Warren," 6,469 "," $4,289 ",,,,,
,Kentucky,Christian," 6,301 "," $4,178 ",,,,,
,Ohio,Cuyahoga," 6,270 "," $4,157 ",,,,,
,Tennessee,Putnam," 6,090 "," $4,038 ",,,,,
,Kentucky,Lincoln," 5,954 "," $3,948 ",,,,,
,Alabama,Tuscaloosa," 5,898 "," $3,910 ",,,,,
,Arizona,Mohave," 5,852 "," $3,880 ",,,,,
,Kentucky,Clark," 5,788 "," $3,837 ",,,,,
,Pennsylvania,Montgomery," 5,636 "," $3,737 ",,,,,
,Alabama,St. Clair," 5,567 "," $3,691 ",,,,,
,Tennessee,Henry," 5,416 "," $3,591 ",,,,,
,Kentucky,Carter," 5,382 "," $3,568 ",,,,,
,Kentucky,Wayne," 5,347 "," $3,545 ",,,,,
,New Jersey,Cumberland," 5,302 "," $3,515 ",,,,,
,New York,Onondaga," 5,267 "," $3,492 ",,,,,
,Kentucky,Taylor," 5,160 "," $3,421 ",,,,,
,Kentucky,Bell," 5,134 "," $3,404 ",,,,,
,Kentucky,Boyle," 5,116 "," $3,392 ",,,,,
,New York,Erie," 4,964 "," $3,291 ",,,,,
,Tennessee,Coffee," 4,910 "," $3,255 ",,,,,
,Illinois,St. Clair," 4,798 "," $3,181 ",,,,,
,Kentucky,Russell," 4,712 "," $3,124 ",,,,,
,Kentucky,Warren," 4,675 "," $3,100 ",,,,,
,Ohio,Erie," 4,670 "," $3,096 ",,,,,
,Tennessee,Dickson," 4,615 "," $3,060 ",,,,,
,Tennessee,Sevier," 4,565 "," $3,027 ",,,,,
,Ohio,Columbiana," 4,565 "," $3,027 ",,,,,
,Oklahoma,Muskogee," 4,520 "," $2,997 ",,,,,
,Ohio,Marion," 4,482 "," $2,972 ",,,,,
,New York,Rensselaer," 4,403 "," $2,919 ",,,,,
,Kentucky,Knox," 4,391 "," $2,911 ",,,,,
,Mississippi,DeSoto," 4,345 "," $2,881 ",,,,,
,Alabama,Madison," 4,324 "," $2,867 ",,,,,
,Tennessee,Carroll," 4,319 "," $2,863 ",,,,,
,Texas,Harris," 4,252 "," $2,819 ",,,,,
,Kentucky,Barren," 4,212 "," $2,793 ",,,,,
,Michigan,Wayne," 4,167 "," $2,763 ",,,,,
,Indiana,Grant," 4,112 "," $2,726 ",,,,,
,Ohio,Richland," 4,108 "," $2,724 ",,,,,
,Tennessee,Bedford," 4,086 "," $2,709 ",,,,,
,Kentucky,Mason," 4,013 "," $2,661 ",,,,,
,New York,Oneida," 3,991 "," $2,646 ",,,,,
,New York,Chautauqua," 3,965 "," $2,629 ",,,,,
,Tennessee,Lawrence," 3,960 "," $2,625 ",,,,,
,Alabama,DeKalb," 3,953 "," $2,621 ",,,,,
,Kentucky,Rowan," 3,908 "," $2,591 ",,,,,
,Georgia,Laurens," 3,907 "," $2,590 ",,,,,
,Illinois,Madison," 3,898 "," $2,584 ",,,,,
,Tennessee,Sumner," 3,858 "," $2,558 ",,,,,
,Alabama,Shelby," 3,852 "," $2,554 ",,,,,
,Kentucky,Jessamine," 3,818 "," $2,531 ",,,,,
,New York,Steuben," 3,813 "," $2,528 ",,,,,
,Kentucky,Kenton," 3,796 "," $2,517 ",,,,,
,Kentucky,Johnson," 3,744 "," $2,482 ",,,,,
,Kentucky,Mercer," 3,715 "," $2,463 ",,,,,
,Kentucky,Clay," 3,707 "," $2,458 ",,,,,
,Tennessee,Wilson," 3,689 "," $2,446 ",,,,,
,Tennessee,Campbell," 3,686 "," $2,444 ",,,,,
,Kentucky,Rockcastle," 3,682 "," $2,441 ",,,,,
,Oklahoma,Garfield," 3,676 "," $2,437 ",,,,,
,Kentucky,Garrard," 3,658 "," $2,425 ",,,,,
,Ohio,Muskingum," 3,635 "," $2,410 ",,,,,
,Kentucky,Adair," 3,613 "," $2,395 ",,,,,
,Tennessee,Rutherford," 3,591 "," $2,381 ",,,,,
,Arkansas,Sebastian," 3,555 "," $2,357 ",,,,,
,Tennessee,Roane," 3,549 "," $2,353 ",,,,,
,Tennessee,Bradley," 3,524 "," $2,336 ",,,,,
,Tennessee,Sullivan," 3,495 "," $2,317 ",,,,,
,New Jersey,Atlantic," 3,476 "," $2,305 ",,,,,
,Ohio,Tuscarawas," 3,454 "," $2,290 ",,,,,
,Massachusetts,Dukes," 3,414 "," $2,263 ",,,,,
,Kentucky,Estill," 3,404 "," $2,257 ",,,,,
,Oklahoma,Washington," 3,371 "," $2,235 ",,,,,
,Tennessee,Hickman," 3,369 "," $2,234 ",,,,,
,Tennessee,Greene," 3,355 "," $2,224 ",,,,,
,Tennessee,Weakley," 3,350 "," $2,221 ",,,,,
,New York,Niagara," 3,346 "," $2,218 ",,,,,
,Georgia,Sumter," 3,343 "," $2,216 ",,,,,
,Tennessee,White," 3,324 "," $2,204 ",,,,,
,Ohio,Highland," 3,300 "," $2,188 ",,,,,
,New York,Schenectady," 3,286 "," $2,179 ",,,,,
,Florida,Duval," 3,272 "," $2,169 ",,,,,
,Tennessee,Obion," 3,262 "," $2,163 ",,,,,
,Tennessee,Benton," 3,229 "," $2,141 ",,,,,
,Kentucky,Shelby," 3,227 "," $2,140 ",,,,,
,Tennessee,Dyer," 3,161 "," $2,096 ",,,,,
,Kentucky,Anderson," 3,133 "," $2,077 ",,,,,
,Iowa,Des Moines," 3,118 "," $2,067 ",,,,,
,Tennessee,Montgomery," 3,112 "," $2,063 ",,,,,
,Oklahoma,Pottawatomie," 3,102 "," $2,057 ",,,,,
,Kentucky,Marion," 3,097 "," $2,053 ",,,,,
,Georgia,Chattooga," 3,092 "," $2,050 ",,,,,
,Kentucky,Bourbon," 3,082 "," $2,043 ",,,,,
,Kentucky,Green," 3,070 "," $2,035 ",,,,,
,Kentucky,Lawrence," 3,065 "," $2,032 ",,,,,
,Tennessee,Cocke," 3,052 "," $2,023 ",,,,,
,Tennessee,Rhea," 3,048 "," $2,021 ",,,,,
,Tennessee,McMinn," 3,040 "," $2,016 ",,,,,
,New York,Cayuga," 3,040 "," $2,016 ",,,,,
,New York,Jefferson," 3,033 "," $2,011 ",,,,,
,Indiana,Wayne," 3,029 "," $2,008 ",,,,,
,Tennessee,Overton," 3,015 "," $1,999 ",,,,,
,Iowa,Wapello," 3,008 "," $1,994 ",,,,,
,Ohio,Scioto," 3,004 "," $1,992 ",,,,,
,Pennsylvania,Dauphin," 2,997 "," $1,987 ",,,,,
,Alabama,Morgan," 2,994 "," $1,985 ",,,,,
,Kentucky,Casey," 2,991 "," $1,983 ",,,,,
,North Carolina,Johnston," 2,987 "," $1,980 ",,,,,
,Kentucky,Harlan," 2,967 "," $1,967 ",,,,,
,Tennessee,Cumberland," 2,955 "," $1,959 ",,,,,
,North Carolina,Watauga," 2,948 "," $1,955 ",,,,,
,Virginia,Danville City," 2,938 "," $1,948 ",,,,,
,New York,Oswego," 2,935 "," $1,946 ",,,,,
,Pennsylvania,Berks," 2,935 "," $1,946 ",,,,,
,Kentucky,Perry," 2,928 "," $1,941 ",,,,,
,Kentucky,Powell," 2,921 "," $1,937 ",,,,,
,Pennsylvania,York," 2,879 "," $1,909 ",,,,,
,Kentucky,Fleming," 2,850 "," $1,890 ",,,,,
,New York,Monroe," 2,846 "," $1,887 ",,,,,
,Kentucky,Lewis," 2,817 "," $1,868 ",,,,,
,Kentucky,Knott," 2,815 "," $1,866 ",,,,,
,Iowa,Clinton," 2,794 "," $1,852 ",,,,,
,Tennessee,Williamson," 2,782 "," $1,844 ",,,,,
,New York,Rockland," 2,763 "," $1,832 ",,,,,
,Pennsylvania,Lancaster," 2,718 "," $1,802 ",,,,,
,Alabama,Chilton," 2,712 "," $1,798 ",,,,,
,Iowa,Lee," 2,706 "," $1,794 ",,,,,
,Georgia,Bibb," 2,696 "," $1,787 ",,,,,
,Kentucky,Campbell," 2,675 "," $1,774 ",,,,,
,Georgia,Whitfield," 2,670 "," $1,770 ",,,,,
,New York,Cattaraugus," 2,653 "," $1,759 ",,,,,
,Ohio,Miami," 2,651 "," $1,758 ",,,,,
,Illinois,Winnebago," 2,651 "," $1,758 ",,,,,
,Pennsylvania,Chester," 2,632 "," $1,745 ",,,,,
,Ohio,Warren," 2,617 "," $1,735 ",,,,,
,Missouri,Butler," 2,604 "," $1,726 ",,,,,
,Arkansas,Crittenden," 2,586 "," $1,715 ",,,,,
,Tennessee,Cheatham," 2,585 "," $1,714 ",,,,,
,Pennsylvania,Fayette," 2,577 "," $1,709 ",,,,,
,Michigan,Lenawee," 2,574 "," $1,707 ",,,,,
,North Carolina,Cleveland," 2,561 "," $1,698 ",,,,,
,Kentucky,Hardin," 2,557 "," $1,695 ",,,,,
,Kentucky,Woodford," 2,554 "," $1,693 ",,,,,
,Kentucky,Nelson," 2,546 "," $1,688 ",,,,,
,Indiana,Clark," 2,545 "," $1,687 ",,,,,
,Alabama,Tallapoosa," 2,541 "," $1,685 ",,,,,
,Ohio,Stark," 2,536 "," $1,681 ",,,,,
,Ohio,Fairfield," 2,529 "," $1,677 ",,,,,
,New York,Saratoga," 2,528 "," $1,676 ",,,,,
,Tennessee,Decatur," 2,527 "," $1,675 ",,,,,
,New Jersey,Burlington," 2,521 "," $1,671 ",,,,,
,California,Kern," 2,507 "," $1,662 ",,,,,
,Tennessee,Marshall," 2,500 "," $1,658 ",,,,,
,Ohio,Seneca," 2,487 "," $1,649 ",,,,,
,North Carolina,Carteret," 2,483 "," $1,646 ",,,,,
,Alabama,Limestone," 2,480 "," $1,644 ",,,,,
,New York,Fulton," 2,477 "," $1,642 ",,,,,
,Kentucky,Morgan," 2,466 "," $1,635 ",,,,,
,Ohio,Clermont," 2,425 "," $1,608 ",,,,,
,Kentucky,Bath," 2,420 "," $1,604 ",,,,,
,Kentucky,Logan," 2,416 "," $1,602 ",,,,,
,Ohio,Ross," 2,413 "," $1,600 ",,,,,
,Indiana,Scott," 2,401 "," $1,592 ",,,,,
,Texas,Bell," 2,400 "," $1,591 ",,,,,
,Pennsylvania,Beaver," 2,400 "," $1,591 ",,,,,
,Illinois,Cook," 2,397 "," $1,589 ",,,,,
,North Carolina,Jackson," 2,390 "," $1,585 ",,,,,
,Tennessee,Franklin," 2,372 "," $1,573 ",,,,,
,New York,Genesee," 2,371 "," $1,572 ",,,,,
,Tennessee,Madison," 2,367 "," $1,569 ",,,,,
,Tennessee,Anderson," 2,357 "," $1,563 ",,,,,
,Tennessee,Jefferson," 2,347 "," $1,556 ",,,,,
,Tennessee,Robertson," 2,346 "," $1,555 ",,,,,
,Georgia,Carroll," 2,333 "," $1,547 ",,,,,
,North Carolina,Lenoir," 2,331 "," $1,545 ",,,,,
,Oklahoma,Grady," 2,326 "," $1,542 ",,,,,
,North Carolina,Richmond," 2,286 "," $1,516 ",,,,,
,Oklahoma,Kay," 2,280 "," $1,512 ",,,,,
,Tennessee,Henderson," 2,272 "," $1,506 ",,,,,
,Tennessee,Hamblen," 2,225 "," $1,475 ",,,,,
,Illinois,Peoria," 2,222 "," $1,473 ",,,,,
,Kentucky,Metcalfe," 2,221 "," $1,473 ",,,,,
,Kentucky,Breathitt," 2,202 "," $1,460 ",,,,,
,Pennsylvania,Carbon," 2,202 "," $1,460 ",,,,,
,Georgia,Stephens," 2,201 "," $1,459 ",,,,,
,Texas,Guadalupe," 2,191 "," $1,453 ",,,,,
,Oklahoma,Stephens," 2,187 "," $1,450 ",,,,,
,Tennessee,Monroe," 2,185 "," $1,449 ",,,,,
,Kentucky,Washington," 2,172 "," $1,440 ",,,,,
,Georgia,Ware," 2,155 "," $1,429 ",,,,,
,Iowa,Cerro Gordo," 2,154 "," $1,428 ",,,,,
,Pennsylvania,Lawrence," 2,142 "," $1,420 ",,,,,
,Indiana,Henry," 2,141 "," $1,419 ",,,,,
,Georgia,Peach," 2,131 "," $1,413 ",,,,,
,Georgia,Troup," 2,119 "," $1,405 ",,,,,
,Missouri,St. Louis," 2,113 "," $1,401 ",,,,,
,Iowa,Webster," 2,091 "," $1,386 ",,,,,
,Tennessee,Claiborne," 2,090 "," $1,386 ",,,,,
,Ohio,Fayette," 2,044 "," $1,355 ",,,,,
,New Jersey,Essex," 2,043 "," $1,355 ",,,,,
,Michigan,Shiawassee," 2,042 "," $1,354 ",,,,,
,Indiana,Floyd," 2,033 "," $1,348 ",,,,,
,Indiana,Jefferson," 2,029 "," $1,345 ",,,,,
,Ohio,Hancock," 2,024 "," $1,342 ",,,,,
,Iowa,Muscatine," 2,006 "," $1,330 ",,,,,
,Oklahoma,Oklahoma," 1,985 "," $1,316 ",,,,,
,Georgia,Bulloch," 1,984 "," $1,315 ",,,,,
,Alabama,Lauderdale," 1,961 "," $1,300 ",,,,,
,North Carolina,Rockingham," 1,956 "," $1,297 ",,,,,
,New York,Herkimer," 1,948 "," $1,292 ",,,,,
,Delaware,Sussex," 1,942 "," $1,288 ",,,,,
,Georgia,Thomas," 1,930 "," $1,280 ",,,,,
,Alabama,Fayette," 1,923 "," $1,275 ",,,,,
,Alabama,Winston," 1,910 "," $1,266 ",,,,,
,North Carolina,Vance," 1,907 "," $1,264 ",,,,,
,Oklahoma,Carter," 1,906 "," $1,264 ",,,,,
,Tennessee,DeKalb," 1,894 "," $1,256 ",,,,,
,Tennessee,Macon," 1,883 "," $1,248 ",,,,,
,North Carolina,Halifax," 1,878 "," $1,245 ",,,,,
,Ohio,Guernsey," 1,874 "," $1,242 ",,,,,
,Arkansas,Crawford," 1,869 "," $1,239 ",,,,,
,Tennessee,Fentress," 1,859 "," $1,233 ",,,,,
,South Carolina,Richland," 1,851 "," $1,227 ",,,,,
,New York,Montgomery," 1,834 "," $1,216 ",,,,,
,North Carolina,Robeson," 1,833 "," $1,215 ",,,,,
,Alabama,Blount," 1,829 "," $1,213 ",,,,,
,New York,Otsego," 1,827 "," $1,211 ",,,,,
,Iowa,Marshall," 1,826 "," $1,211 ",,,,,
,North Carolina,Wilkes," 1,814 "," $1,203 ",,,,,
,Kentucky,Boone," 1,813 "," $1,202 ",,,,,
,New York,Chemung," 1,810 "," $1,200 ",,,,,
,Kentucky,Martin," 1,805 "," $1,197 ",,,,,
,Ohio,Ottawa," 1,772 "," $1,175 ",,,,,
,Michigan,St. Joseph," 1,766 "," $1,171 ",,,,,
,North Carolina,Pasquotank," 1,762 "," $1,168 ",,,,,
,California,Butte," 1,758 "," $1,166 ",,,,,
,Kentucky,Hopkins," 1,752 "," $1,162 ",,,,,
,Ohio,Sandusky," 1,738 "," $1,152 ",,,,,
,Louisiana,East Baton Rouge," 1,732 "," $1,148 ",,,,,
,Ohio,Crawford," 1,729 "," $1,146 ",,,,,
,Tennessee,Marion," 1,728 "," $1,146 ",,,,,
,New York,Cortland," 1,721 "," $1,141 ",,,,,
,Kentucky,Letcher," 1,706 "," $1,131 ",,,,,
,New Jersey,Salem," 1,700 "," $1,127 ",,,,,
,New York,Washington," 1,689 "," $1,120 ",,,,,
,Georgia,Ben Hill," 1,683 "," $1,116 ",,,,,
,Pennsylvania,Erie," 1,683 "," $1,116 ",,,,,
,Indiana,Washington," 1,670 "," $1,107 ",,,,,
,Kentucky,Leslie," 1,651 "," $1,095 ",,,,,
,Georgia,Upson," 1,647 "," $1,092 ",,,,,
,North Carolina,Wilson," 1,646 "," $1,091 ",,,,,
,North Carolina,Lee," 1,628 "," $1,079 ",,,,,
,Tennessee,Lewis," 1,583 "," $1,050 ",,,,,
,Georgia,Colquitt," 1,580 "," $1,048 ",,,,,
,Alabama,Chambers," 1,579 "," $1,047 ",,,,,
,Georgia,Walker," 1,579 "," $1,047 ",,,,,
,Georgia,Baldwin," 1,562 "," $1,036 ",,,,,
,Tennessee,Jackson," 1,547 "," $1,026 ",,,,,
,Indiana,Marion," 1,544 "," $1,024 ",,,,,
,South Carolina,Anderson," 1,533 "," $1,016 ",,,,,
,Louisiana,Lafayette," 1,532 "," $1,016 ",,,,,
,Missouri,Jackson," 1,521 "," $1,008 ",,,,,
,Kentucky,Calloway," 1,516 "," $1,005 ",,,,,
,Maine,Kennebec," 1,516 "," $1,005 ",,,,,
,Arkansas,Garland," 1,511 "," $1,002 ",,,,,
,Texas,McLennan," 1,499 ", $994 ,,,,,
,California,Riverside," 1,499 ", $994 ,,,,,
,Indiana,Miami," 1,494 ", $991 ,,,,,
,Indiana,Lawrence," 1,488 ", $987 ,,,,,
,Tennessee,Loudon," 1,485 ", $985 ,,,,,
,Tennessee,Bledsoe," 1,479 ", $981 ,,,,,
,Tennessee,Fayette," 1,470 ", $975 ,,,,,
,Kentucky,Jackson," 1,464 ", $971 ,,,,,
,Ohio,Ashtabula," 1,459 ", $967 ,,,,,
,Vermont,Windham," 1,455 ", $965 ,,,,,
,New York,Chenango," 1,453 ", $963 ,,,,,
,Georgia,Coffee," 1,446 ", $959 ,,,,,
,Tennessee,Smith," 1,444 ", $957 ,,,,,
,Tennessee,Perry," 1,443 ", $957 ,,,,,
,Missouri,Dunklin," 1,438 ", $953 ,,,,,
,Ohio,Washington," 1,436 ", $952 ,,,,,
,Ohio,Coshocton," 1,433 ", $950 ,,,,,
,Kansas,Leavenworth," 1,430 ", $948 ,,,,,
,New Jersey,Gloucester," 1,427 ", $946 ,,,,,
,Oklahoma,Canadian," 1,423 ", $943 ,,,,,
,Tennessee,Humphreys," 1,421 ", $942 ,,,,,
,Indiana,Huntington," 1,416 ", $939 ,,,,,
,Tennessee,Washington," 1,412 ", $936 ,,,,,
,Michigan,Branch," 1,412 ", $936 ,,,,,
,Tennessee,Stewart," 1,410 ", $935 ,,,,,
,Ohio,Jackson," 1,407 ", $933 ,,,,,
,Oklahoma,Pittsburg," 1,404 ", $931 ,,,,,
,Arizona,Navajo," 1,401 ", $929 ,,,,,
,Georgia,Tift," 1,389 ", $921 ,,,,,
,Georgia,Gordon," 1,381 ", $916 ,,,,,
,Oklahoma,Ottawa," 1,375 ", $912 ,,,,,
,Indiana,Dearborn," 1,372 ", $910 ,,,,,
,Kentucky,Nicholas," 1,364 ", $904 ,,,,,
,Ohio,Darke," 1,363 ", $904 ,,,,,
,North Carolina,Scotland," 1,361 ", $902 ,,,,,
,Tennessee,Lincoln," 1,361 ", $902 ,,,,,
,Tennessee,Morgan," 1,360 ", $902 ,,,,,
,Kentucky,Cumberland," 1,351 ", $896 ,,,,,
,Texas,Potter," 1,351 ", $896 ,,,,,
,North Carolina,Stanly," 1,347 ", $893 ,,,,,
,Indiana,Clinton," 1,328 ", $880 ,,,,,
,Virginia,Martinsville City," 1,328 ", $880 ,,,,,
,New Hampshire,Merrimack," 1,325 ", $878 ,,,,,
,North Carolina,Edgecombe," 1,324 ", $878 ,,,,,
,New York,Orleans," 1,320 ", $875 ,,,,,
,Ohio,Knox," 1,285 ", $852 ,,,,,
,North Carolina,Harnett," 1,278 ", $847 ,,,,,
,Kentucky,Grant," 1,262 ", $837 ,,,,,
,Minnesota,St. Louis," 1,242 ", $823 ,,,,,
,Tennessee,Clay," 1,236 ", $819 ,,,,,
,Wisconsin,Marinette," 1,236 ", $819 ,,,,,
,Michigan,Hillsdale," 1,233 ", $817 ,,,,,
,Alabama,Coffee," 1,231 ", $816 ,,,,,
,Tennessee,Tipton," 1,227 ", $814 ,,,,,
,Kansas,Butler," 1,227 ", $814 ,,,,,
,Alabama,Randolph," 1,223 ", $811 ,,,,,
,Michigan,Ingham," 1,218 ", $808 ,,,,,
,Ohio,Clark," 1,215 ", $806 ,,,,,
,Pennsylvania,Lehigh," 1,215 ", $806 ,,,,,
,Kansas,Cowley," 1,197 ", $794 ,,,,,
,Georgia,Catoosa," 1,181 ", $783 ,,,,,
,North Carolina,Randolph," 1,172 ", $777 ,,,,,
,New York,Franklin," 1,172 ", $777 ,,,,,
,Ohio,Huron," 1,170 ", $776 ,,,,,
,Tennessee,Grainger," 1,167 ", $774 ,,,,,
,Louisiana,Ouachita," 1,167 ", $774 ,,,,,
,Maine,Penobscot," 1,166 ", $773 ,,,,,
,Tennessee,Polk," 1,153 ", $764 ,,,,,
,Kentucky,Gallatin," 1,151 ", $763 ,,,,,
,New York,Wayne," 1,149 ", $762 ,,,,,
,Indiana,Jennings," 1,138 ", $754 ,,,,,
,Pennsylvania,Allegheny," 1,129 ", $749 ,,,,,
,Tennessee,Lauderdale," 1,128 ", $748 ,,,,,
,Tennessee,Hawkins," 1,125 ", $746 ,,,,,
,Oklahoma,Tulsa," 1,123 ", $745 ,,,,,
,Pennsylvania,Cumberland," 1,123 ", $745 ,,,,,
,South Carolina,Oconee," 1,119 ", $742 ,,,,,
,Pennsylvania,Pike," 1,116 ", $740 ,,,,,
,Kentucky,Menifee," 1,114 ", $739 ,,,,,
,Indiana,Lake," 1,114 ", $739 ,,,,,
,Pennsylvania,Lycoming," 1,114 ", $739 ,,,,,
,Alabama,Baldwin," 1,112 ", $737 ,,,,,
,Michigan,Gratiot," 1,108 ", $735 ,,,,,
,Tennessee,Carter," 1,105 ", $733 ,,,,,
,Michigan,Mason," 1,104 ", $732 ,,,,,
,Indiana,Shelby," 1,102 ", $731 ,,,,,
,Pennsylvania,Washington," 1,093 ", $725 ,,,,,
,Missouri,Johnson," 1,089 ", $722 ,,,,,
,Alabama,Dallas," 1,077 ", $714 ,,,,,
,North Carolina,Lincoln," 1,076 ", $713 ,,,,,
,Michigan,Kent," 1,071 ", $710 ,,,,,
,Georgia,Toombs," 1,066 ", $707 ,,,,,
,Oklahoma,Okmulgee," 1,060 ", $703 ,,,,,
,Ohio,Shelby," 1,055 ", $699 ,,,,,
,California,Tuolumne," 1,055 ", $699 ,,,,,
,Missouri,St. Francois," 1,046 ", $693 ,,,,,
,Tennessee,Lake," 1,045 ", $693 ,,,,,
,Georgia,Jackson," 1,045 ", $693 ,,,,,
,Missouri,Scott," 1,039 ", $689 ,,,,,
,Tennessee,Giles," 1,038 ", $688 ,,,,,
,Louisiana,Orleans," 1,037 ", $688 ,,,,,
,Ohio,Preble," 1,030 ", $683 ,,,,,
,North Carolina,Surry," 1,019 ", $676 ,,,,,
,Georgia,Habersham," 1,017 ", $674 ,,,,,
,New Mexico,Eddy," 1,014 ", $672 ,,,,,
,Alabama,Coosa," 1,008 ", $668 ,,,,,
,Nebraska,Scotts Bluff," 1,005 ", $666 ,,,,,
,Iowa,Boone, 998 , $662 ,,,,,
,Ohio,Franklin, 993 , $658 ,,,,,
,Tennessee,Van Buren, 988 , $655 ,,,,,
,Ohio,Defiance, 988 , $655 ,,,,,
,Texas,Coryell, 987 , $654 ,,,,,
,Georgia,Crisp, 976 , $647 ,,,,,
,Iowa,Mahaska, 975 , $646 ,,,,,
,North Carolina,Northampton, 973 , $645 ,,,,,
,Kentucky,Simpson, 969 , $642 ,,,,,
,Michigan,Bay, 966 , $640 ,,,,,
,Wisconsin,Manitowoc, 963 , $638 ,,,,,
,Mississippi,Harrison, 959 , $636 ,,,,,
,South Carolina,Spartanburg, 951 , $631 ,,,,,
,Ohio,Clinton, 950 , $630 ,,,,,
,Maryland,Washington, 950 , $630 ,,,,,
,Alabama,Pike, 946 , $627 ,,,,,
,Ohio,Van Wert, 943 , $625 ,,,,,
,Ohio,Champaign, 943 , $625 ,,,,,
,Georgia,Dougherty, 938 , $622 ,,,,,
,Indiana,Wabash, 936 , $621 ,,,,,
,Tennessee,Cannon, 935 , $620 ,,,,,
,New York,Delaware, 934 , $619 ,,,,,
,Kentucky,Lee, 929 , $616 ,,,,,
,Vermont,Windsor, 927 , $615 ,,,,,
,Georgia,Decatur, 921 , $611 ,,,,,
,Tennessee,Meigs, 911 , $604 ,,,,,
,Tennessee,Hardin, 907 , $601 ,,,,,
,Tennessee,Hardeman, 906 , $601 ,,,,,
,Ohio,Gallia, 891 , $591 ,,,,,
,New York,Orange, 889 , $589 ,,,,,
,North Carolina,Brunswick, 882 , $585 ,,,,,
,Ohio,Pickaway, 882 , $585 ,,,,,
,Oregon,Deschutes, 877 , $581 ,,,,,
,Wisconsin,Racine, 876 , $581 ,,,,,
,Oklahoma,Rogers, 875 , $580 ,,,,,
,Pennsylvania,Venango, 874 , $579 ,,,,,
,North Carolina,Beaufort, 872 , $578 ,,,,,
,Michigan,Calhoun, 870 , $577 ,,,,,
,Connecticut,Litchfield, 870 , $577 ,,,,,
,Pennsylvania,Butler, 870 , $577 ,,,,,
,South Carolina,Orangeburg, 867 , $575 ,,,,,
,North Carolina,Cumberland, 865 , $573 ,,,,,
,Ohio,Ashland, 865 , $573 ,,,,,
,Missouri,Newton, 860 , $570 ,,,,,
,Georgia,Spalding, 858 , $569 ,,,,,
,Georgia,Houston, 855 , $567 ,,,,,
,Tennessee,Blount, 852 , $565 ,,,,,
,Tennessee,Houston, 851 , $564 ,,,,,
,Mississippi,Marshall, 851 , $564 ,,,,,
,Missouri,Adair, 839 , $556 ,,,,,
,Alabama,Elmore, 836 , $554 ,,,,,
,Ohio,Summit, 833 , $552 ,,,,,
,Oregon,Coos, 833 , $552 ,,,,,
,Indiana,Harrison, 830 , $550 ,,,,,
,Michigan,Kalamazoo, 828 , $549 ,,,,,
,Kansas,Wyandotte, 814 , $540 ,,,,,
,Massachusetts,Nantucket, 807 , $535 ,,,,,
,North Carolina,Rutherford, 803 , $532 ,,,,,
,Alabama,Colbert, 802 , $532 ,,,,,
,Tennessee,Haywood, 800 , $530 ,,,,,
,Iowa,Jasper, 793 , $526 ,,,,,
,Kentucky,Allen, 792 , $525 ,,,,,
,Kentucky,Henry, 791 , $524 ,,,,,
,Indiana,Putnam, 782 , $518 ,,,,,
,Georgia,Wayne, 781 , $518 ,,,,,
,Texas,Williamson, 781 , $518 ,,,,,
,Tennessee,Union, 778 , $516 ,,,,,
,Nevada,Churchill, 775 , $514 ,,,,,
,Vermont,Orleans, 774 , $513 ,,,,,
,Ohio,Wayne, 771 , $511 ,,,,,
,Alabama,Clay, 771 , $511 ,,,,,
,Tennessee,Sequatchie, 769 , $510 ,,,,,
,Missouri,Jasper, 766 , $508 ,,,,,
,South Carolina,Pickens, 755 , $501 ,,,,,
,Georgia,Fulton, 752 , $499 ,,,,,
,Indiana,Montgomery, 751 , $498 ,,,,,
,Texas,Comal, 750 , $497 ,,,,,
,Oregon,Douglas, 750 , $497 ,,,,,
,Texas,Kerr, 743 , $493 ,,,,,
,Nevada,Clark, 736 , $488 ,,,,,
,Michigan,St. Clair, 735 , $487 ,,,,,
,Georgia,Dade, 731 , $485 ,,,,,
,Maine,York, 718 , $476 ,,,,,
,New Mexico,Valencia, 718 , $476 ,,,,,
,Alabama,Dale, 714 , $473 ,,,,,
,New York,Broome, 711 , $471 ,,,,,
,Tennessee,Grundy, 707 , $469 ,,,,,
,Pennsylvania,Indiana, 707 , $469 ,,,,,
,Kentucky,Magoffin, 705 , $467 ,,,,,
,Alabama,Hale, 703 , $466 ,,,,,
,New Jersey,Union, 703 , $466 ,,,,,
,Virginia,Henry, 701 , $465 ,,,,,
,Indiana,Jackson, 699 , $463 ,,,,,
,Texas,Travis, 697 , $462 ,,,,,
,Georgia,Lowndes, 695 , $461 ,,,,,
,Massachusetts,Worcester, 691 , $458 ,,,,,
,Ohio,Greene, 682 , $452 ,,,,,
,Florida,Putnam, 681 , $452 ,,,,,
,California,Tulare, 678 , $450 ,,,,,
,Michigan,Jackson, 677 , $449 ,,,,,
,Texas,Medina, 676 , $448 ,,,,,
,Ohio,Mahoning, 675 , $448 ,,,,,
,New York,Sullivan, 675 , $448 ,,,,,
,Iowa,Scott, 674 , $447 ,,,,,
,Washington,Grays Harbor, 674 , $447 ,,,,,
,California,Fresno, 671 , $445 ,,,,,
,Arkansas,Pope, 669 , $444 ,,,,,
,Michigan,Muskegon, 663 , $440 ,,,,,
,Arkansas,Cleburne, 662 , $439 ,,,,,
,Iowa,Polk, 661 , $438 ,,,,,
,Tennessee,Wayne, 661 , $438 ,,,,,
,Arkansas,Lonoke, 659 , $437 ,,,,,
,Pennsylvania,Lebanon, 656 , $435 ,,,,,
,Oklahoma,Pontotoc, 653 , $433 ,,,,,
,West Virginia,Monongalia, 647 , $429 ,,,,,
,Georgia,Murray, 645 , $428 ,,,,,
,New York,Greene, 645 , $428 ,,,,,
,New York,Clinton, 643 , $426 ,,,,,
,Iowa,Jefferson, 642 , $426 ,,,,,
,Massachusetts,Berkshire, 642 , $426 ,,,,,
,Florida,Marion, 640 , $424 ,,,,,
,Oklahoma,Payne, 635 , $421 ,,,,,
,South Carolina,Lancaster, 635 , $421 ,,,,,
,Michigan,Eaton, 634 , $420 ,,,,,
,South Carolina,Sumter, 634 , $420 ,,,,,
,Georgia,Coweta, 630 , $418 ,,,,,
,North Carolina,Moore, 629 , $417 ,,,,,
,Michigan,Genesee, 628 , $416 ,,,,,
,Tennessee,Trousdale, 626 , $415 ,,,,,
,Indiana,Marshall, 626 , $415 ,,,,,
,Kansas,Saline, 622 , $412 ,,,,,
,Tennessee,Pickett, 620 , $411 ,,,,,
,Georgia,Muscogee, 618 , $410 ,,,,,
,Georgia,Crawford, 618 , $410 ,,,,,
,California,Lake, 618 , $410 ,,,,,
,Ohio,Logan, 617 , $409 ,,,,,
,Tennessee,Crockett, 616 , $408 ,,,,,
,Georgia,Putnam, 616 , $408 ,,,,,
,Pennsylvania,Bradford, 614 , $407 ,,,,,
,Indiana,DeKalb, 611 , $405 ,,,,,
,Missouri,Saint Louis City, 611 , $405 ,,,,,
,New York,Lewis, 608 , $403 ,,,,,
,New York,Tioga, 601 , $398 ,,,,,
,Vermont,Washington, 598 , $396 ,,,,,
,Nebraska,Adams, 588 , $390 ,,,,,
,Nevada,Nye, 588 , $390 ,,,,,
,Pennsylvania,Somerset, 586 , $389 ,,,,,
,Maryland,Allegany, 578 , $383 ,,,,,
,New York,Warren, 578 , $383 ,,,,,
,Ohio,Brown, 576 , $382 ,,,,,
,Ohio,Wood, 576 , $382 ,,,,,
,Texas,Tarrant, 574 , $381 ,,,,,
,Wisconsin,Rock, 574 , $381 ,,,,,
,Ohio,Athens, 573 , $380 ,,,,,
,West Virginia,Cabell, 566 , $375 ,,,,,
,Nevada,Elko, 563 , $373 ,,,,,
,Wyoming,Sweetwater, 562 , $373 ,,,,,
,Pennsylvania,Wayne, 560 , $371 ,,,,,
,Indiana,Allen, 554 , $367 ,,,,,
,Florida,Columbia, 554 , $367 ,,,,,
,Arkansas,Phillips, 553 , $367 ,,,,,
,Virginia,Lynchburg City, 553 , $367 ,,,,,
,North Carolina,Craven, 550 , $365 ,,,,,
,Minnesota,Itasca, 548 , $363 ,,,,,
,Indiana,Adams, 547 , $363 ,,,,,
,Michigan,Saginaw, 547 , $363 ,,,,,
,Alabama,Bibb, 543 , $360 ,,,,,
,West Virginia,Harrison, 542 , $359 ,,,,,
,Iowa,Clay, 528 , $350 ,,,,,
,Georgia,Greene, 527 , $349 ,,,,,
,Michigan,Berrien, 527 , $349 ,,,,,
,Texas,Milam, 526 , $349 ,,,,,
,Minnesota,Winona, 526 , $349 ,,,,,
,Tennessee,McNairy, 521 , $345 ,,,,,
,California,Kings, 518 , $343 ,,,,,
,Iowa,Linn, 513 , $340 ,,,,,
,Kentucky,Bracken, 510 , $338 ,,,,,
,Illinois,Tazewell, 508 , $337 ,,,,,
,New Mexico,Chaves, 506 , $335 ,,,,,
,Ohio,Auglaize, 505 , $335 ,,,,,
,Minnesota,Stearns, 500 , $332 ,,,,,
,Michigan,Mecosta, 497 , $330 ,,,,,
,Georgia,Walton, 496 , $329 ,,,,,
,Iowa,Dubuque, 495 , $328 ,,,,,
,Tennessee,Scott, 493 , $327 ,,,,,
,California,Placer, 492 , $326 ,,,,,
,Maryland,Baltimore, 492 , $326 ,,,,,
,Tennessee,Unicoi, 490 , $325 ,,,,,
,Texas,Falls, 488 , $324 ,,,,,
,Nebraska,Douglas, 487 , $323 ,,,,,
,New York,Ontario, 486 , $322 ,,,,,
,California,El Dorado, 485 , $322 ,,,,,
,Wyoming,Teton, 485 , $322 ,,,,,
,Tennessee,Johnson, 484 , $321 ,,,,,
,Michigan,Allegan, 484 , $321 ,,,,,
,Arkansas,Greene, 481 , $319 ,,,,,
,Pennsylvania,Clinton, 481 , $319 ,,,,,
,Michigan,Lapeer, 480 , $318 ,,,,,
,Maine,Cumberland, 474 , $314 ,,,,,
,Missouri,Callaway, 473 , $314 ,,,,,
,Montana,Silver Bow, 472 , $313 ,,,,,
,Texas,Hays, 471 , $312 ,,,,,
,New York,Albany, 470 , $312 ,,,,,
,Texas,Bastrop, 469 , $311 ,,,,,
,Texas,Burnet, 467 , $310 ,,,,,
,New Jersey,Hudson, 466 , $309 ,,,,,
,Illinois,Champaign, 462 , $306 ,,,,,
,Pennsylvania,Armstrong, 459 , $304 ,,,,,
,Virginia,Suffolk City, 458 , $304 ,,,,,
,Louisiana,Bossier, 456 , $302 ,,,,,
,Georgia,Hall, 453 , $300 ,,,,,
,Missouri,Taney, 452 , $300 ,,,,,
,Pennsylvania,Northampton, 451 , $299 ,,,,,
,Vermont,Chittenden, 451 , $299 ,,,,,
,Missouri,Randolph, 449 , $298 ,,,,,
,Virginia,Wise, 449 , $298 ,,,,,
,Vermont,Lamoille, 449 , $298 ,,,,,
,Georgia,Harris, 448 , $297 ,,,,,
,New Jersey,Warren, 447 , $296 ,,,,,
,Kentucky,Todd, 444 , $294 ,,,,,
,Georgia,Hancock, 443 , $294 ,,,,,
,Indiana,Decatur, 442 , $293 ,,,,,
,Indiana,Kosciusko, 439 , $291 ,,,,,
,Minnesota,Olmsted, 429 , $284 ,,,,,
,Kentucky,Monroe, 426 , $282 ,,,,,
,Florida,Polk, 426 , $282 ,,,,,
,Nevada,Lyon, 424 , $281 ,,,,,
,Ohio,Madison, 423 , $280 ,,,,,
,Mississippi,Jackson, 423 , $280 ,,,,,
,Alabama,Greene, 422 , $280 ,,,,,
,New York,Seneca, 421 , $279 ,,,,,
,Florida,Okeechobee, 419 , $278 ,,,,,
,Michigan,Monroe, 418 , $277 ,,,,,
,Virginia,Roanoke City, 416 , $276 ,,,,,
,West Virginia,Mercer, 413 , $274 ,,,,,
,Pennsylvania,Franklin, 412 , $273 ,,,,,
,Michigan,Van Buren, 406 , $269 ,,,,,
,Illinois,Henry, 406 , $269 ,,,,,
,Iowa,Dickinson, 398 , $264 ,,,,,
,Alabama,Cleburne, 398 , $264 ,,,,,
,Kentucky,Oldham, 396 , $263 ,,,,,
,Georgia,Jones, 394 , $261 ,,,,,
,Kentucky,Spencer, 392 , $260 ,,,,,
,Mississippi,Lafayette, 392 , $260 ,,,,,
,Pennsylvania,Luzerne, 392 , $260 ,,,,,
,Kentucky,Bullitt, 389 , $258 ,,,,,
,Ohio,Lucas, 388 , $257 ,,,,,
,Maryland,Garrett, 387 , $257 ,,,,,
,Georgia,Irwin, 383 , $254 ,,,,,
,California,Lassen, 383 , $254 ,,,,,
,Georgia,Rockdale, 382 , $253 ,,,,,
,Maryland,Dorchester, 382 , $253 ,,,,,
,Arkansas,White, 379 , $251 ,,,,,
,Alabama,Pickens, 378 , $251 ,,,,,
,Vermont,Bennington, 378 , $251 ,,,,,
,Indiana,Steuben, 375 , $249 ,,,,,
,Indiana,Crawford, 374 , $248 ,,,,,
,Oklahoma,Jackson, 372 , $247 ,,,,,
,Kentucky,Carroll, 372 , $247 ,,,,,
,Nebraska,Lincoln, 371 , $246 ,,,,,
,Georgia,Chatham, 369 , $245 ,,,,,
,Washington,Jefferson, 366 , $243 ,,,,,
,Minnesota,Mower, 365 , $242 ,,,,,
,Tennessee,Hancock, 363 , $241 ,,,,,
,Michigan,Barry, 363 , $241 ,,,,,
,South Carolina,Lexington, 361 , $239 ,,,,,
,Kentucky,Owen, 358 , $237 ,,,,,
,South Carolina,Greenwood, 358 , $237 ,,,,,
,Texas,Montgomery, 354 , $235 ,,,,,
,Georgia,Polk, 353 , $234 ,,,,,
,New Hampshire,Cheshire, 351 , $233 ,,,,,
,Maryland,Cecil, 347 , $230 ,,,,,
,Georgia,Meriwether, 345 , $229 ,,,,,
,Washington,Mason, 345 , $229 ,,,,,
,New York,Ulster, 341 , $226 ,,,,,
,Michigan,Clinton, 340 , $225 ,,,,,
,North Carolina,Gaston, 338 , $224 ,,,,,
,Oklahoma,Bryan, 338 , $224 ,,,,,
,Michigan,Oakland, 335 , $222 ,,,,,
,Texas,Wichita, 335 , $222 ,,,,,
,Missouri,Marion, 334 , $221 ,,,,,
,New Mexico,Bernalillo, 332 , $220 ,,,,,
,South Carolina,York, 332 , $220 ,,,,,
,Ohio,Licking, 331 , $219 ,,,,,
,Illinois,Coles, 327 , $217 ,,,,,
,Wisconsin,Outagamie, 327 , $217 ,,,,,
,Georgia,Morgan, 324 , $215 ,,,,,
,Minnesota,Rice, 324 , $215 ,,,,,
,Georgia,Franklin, 323 , $214 ,,,,,
,Texas,Llano, 321 , $213 ,,,,,
,Indiana,Switzerland, 319 , $211 ,,,,,
,Georgia,Bartow, 318 , $211 ,,,,,
,Arkansas,Hot Spring, 318 , $211 ,,,,,
,New Hampshire,Coos, 315 , $209 ,,,,,
,Virginia,Warren, 314 , $208 ,,,,,
,North Carolina,Forsyth, 311 , $206 ,,,,,
,Nebraska,Madison, 311 , $206 ,,,,,
,Minnesota,Hennepin, 308 , $204 ,,,,,
,Texas,Wilson, 305 , $202 ,,,,,
,Massachusetts,Bristol, 304 , $202 ,,,,,
,Pennsylvania,Blair, 302 , $200 ,,,,,
,Indiana,Franklin, 301 , $200 ,,,,,
,California,Humboldt, 299 , $198 ,,,,,
,New Jersey,Passaic, 298 , $198 ,,,,,
,New Jersey,Ocean, 298 , $198 ,,,,,
,Michigan,Midland, 295 , $196 ,,,,,
,Alabama,Perry, 294 , $195 ,,,,,
,Massachusetts,Franklin, 293 , $194 ,,,,,
,South Dakota,Yankton, 293 , $194 ,,,,,
,Kansas,Shawnee, 292 , $194 ,,,,,
,Minnesota,Becker, 292 , $194 ,,,,,
,Texas,Brown, 289 , $192 ,,,,,
,New York,Essex, 289 , $192 ,,,,,
,Pennsylvania,Clearfield, 288 , $191 ,,,,,
,Georgia,Terrell, 287 , $190 ,,,,,
,Wisconsin,Kenosha, 287 , $190 ,,,,,
,Florida,Dixie, 283 , $188 ,,,,,
,Illinois,Macon, 279 , $185 ,,,,,
,Pennsylvania,Centre, 279 , $185 ,,,,,
,South Carolina,Greenville, 279 , $185 ,,,,,
,Georgia,Floyd, 278 , $184 ,,,,,
,Nevada,Humboldt, 278 , $184 ,,,,,
,Virginia,Pulaski, 278 , $184 ,,,,,
,Iowa,Buena Vista, 277 , $184 ,,,,,
,Georgia,Emanuel, 277 , $184 ,,,,,
,California,Madera, 277 , $184 ,,,,,
,Maryland,Caroline, 277 , $184 ,,,,,
,Georgia,Douglas, 275 , $182 ,,,,,
,Kansas,Geary, 273 , $181 ,,,,,
,Georgia,Wilkes, 273 , $181 ,,,,,
,Tennessee,Moore, 273 , $181 ,,,,,
,Maryland,Wicomico, 269 , $178 ,,,,,
,Pennsylvania,Mercer, 269 , $178 ,,,,,
,Indiana,Boone, 268 , $178 ,,,,,
,Oregon,Jackson, 268 , $178 ,,,,,
,Missouri,Cape Girardeau, 265 , $176 ,,,,,
,New Hampshire,Belknap, 265 , $176 ,,,,,
,Texas,Johnson, 265 , $176 ,,,,,
,Georgia,Telfair, 264 , $175 ,,,,,
,Arizona,Gila, 263 , $174 ,,,,,
,Florida,Pasco, 263 , $174 ,,,,,
,Washington,Grant, 263 , $174 ,,,,,
,Nebraska,Dawson, 262 , $174 ,,,,,
,Kentucky,Owsley, 261 , $173 ,,,,,
,Alabama,Mobile, 260 , $172 ,,,,,
,Virginia,Pittsylvania, 260 , $172 ,,,,,
,Maryland,Somerset, 257 , $170 ,,,,,
,Kentucky,Meade, 255 , $169 ,,,,,
,Florida,Brevard, 254 , $168 ,,,,,
,Maine,Oxford, 254 , $168 ,,,,,
,West Virginia,Wood, 254 , $168 ,,,,,
,Illinois,Kankakee, 252 , $167 ,,,,,
,Virginia,Bristol, 252 , $167 ,,,,,
,West Virginia,Wyoming, 252 , $167 ,,,,,
,Wyoming,Sheridan, 252 , $167 ,,,,,
,Kentucky,Trimble, 251 , $166 ,,,,,
,Nebraska,Gage, 250 , $166 ,,,,,
,North Carolina,Guilford, 249 , $165 ,,,,,
,Texas,Atascosa, 249 , $165 ,,,,,
,Nebraska,Lancaster, 249 , $165 ,,,,,
,Connecticut,New Haven, 249 , $165 ,,,,,
,Georgia,Randolph, 248 , $164 ,,,,,
,Georgia,Liberty, 247 , $164 ,,,,,
,Georgia,Paulding, 247 , $164 ,,,,,
,Texas,Caldwell, 247 , $164 ,,,,,
,South Carolina,Aiken, 247 , $164 ,,,,,
,Georgia,Cobb, 244 , $162 ,,,,,
,Georgia,Montgomery, 244 , $162 ,,,,,
,South Carolina,Laurens, 243 , $161 ,,,,,
,Georgia,Oglethorpe, 242 , $160 ,,,,,
,New Mexico,Lincoln, 242 , $160 ,,,,,
,Connecticut,Windham, 241 , $160 ,,,,,
,Oregon,Klamath, 241 , $160 ,,,,,
,Iowa,Woodbury, 237 , $157 ,,,,,
,Georgia,Tattnall, 237 , $157 ,,,,,
,Illinois,Will, 237 , $157 ,,,,,
,New York,Schoharie, 237 , $157 ,,,,,
,Ohio,Mercer, 236 , $156 ,,,,,
,Georgia,Jefferson, 236 , $156 ,,,,,
,New York,Livingston, 236 , $156 ,,,,,
,Nebraska,Platte, 235 , $156 ,,,,,
,Texas,Liberty, 235 , $156 ,,,,,
,Kansas,Finney, 234 , $155 ,,,,,
,Arizona,Yuma, 234 , $155 ,,,,,
,Arizona,Maricopa, 234 , $155 ,,,,,
,South Carolina,Darlington, 234 , $155 ,,,,,
,Vermont,Rutland, 234 , $155 ,,,,,
,Illinois,Christian, 232 , $154 ,,,,,
,Wisconsin,Winnebago, 232 , $154 ,,,,,
,Maryland,Kent, 231 , $153 ,,,,,
,Alabama,Sumter, 230 , $152 ,,,,,
,Georgia,Twiggs, 228 , $151 ,,,,,
,Indiana,Ohio, 228 , $151 ,,,,,
,Wyoming,Campbell, 228 , $151 ,,,,,
,Missouri,Laclede, 227 , $151 ,,,,,
,Georgia,Brantley, 227 , $151 ,,,,,
,Arizona,La Paz, 227 , $151 ,,,,,
,Georgia,Newton, 226 , $150 ,,,,,
,South Dakota,Minnehaha, 225 , $149 ,,,,,
,Virginia,Halifax, 224 , $149 ,,,,,
,Colorado,Pueblo, 222 , $147 ,,,,,
,Texas,Lee, 221 , $147 ,,,,,
,Indiana,Madison, 220 , $146 ,,,,,
,Ohio,Lorain, 220 , $146 ,,,,,
,Florida,Hillsborough, 218 , $145 ,,,,,
,Pennsylvania,Tioga, 218 , $145 ,,,,,
,Virginia,Orange, 218 , $145 ,,,,,
,Michigan,Isabella, 215 , $143 ,,,,,
,Virginia,Tazewell, 214 , $142 ,,,,,
,Arkansas,Miller, 212 , $141 ,,,,,
,Louisiana,Rapides, 212 , $141 ,,,,,
,Tennessee,Chester, 211 , $140 ,,,,,
,West Virginia,Berkeley, 211 , $140 ,,,,,
,Michigan,Macomb, 210 , $139 ,,,,,
,Massachusetts,Middlesex, 209 , $139 ,,,,,
,Alabama,Franklin, 207 , $137 ,,,,,
,Georgia,Lamar, 207 , $137 ,,,,,
,New York,Schuyler, 206 , $137 ,,,,,
,California,Del Norte, 205 , $136 ,,,,,
,Massachusetts,Suffolk, 205 , $136 ,,,,,
,Mississippi,Hinds, 205 , $136 ,,,,,
,Pennsylvania,Huntingdon, 205 , $136 ,,,,,
,Indiana,Dubois, 204 , $135 ,,,,,
,Minnesota,Wright, 204 , $135 ,,,,,
,Wisconsin,Jefferson, 204 , $135 ,,,,,
,West Virginia,Marion, 204 , $135 ,,,,,
,Texas,Bandera, 203 , $135 ,,,,,
,Ohio,Delaware, 201 , $133 ,,,,,
,Vermont,Caledonia, 200 , $133 ,,,,,
,Minnesota,McLeod, 199 , $132 ,,,,,
,Indiana,Tippecanoe, 198 , $131 ,,,,,
,Virginia,Amherst, 198 , $131 ,,,,,
,Georgia,Quitman, 197 , $131 ,,,,,
,North Carolina,Onslow, 195 , $129 ,,,,,
,Maine,Washington, 195 , $129 ,,,,,
,Florida,Lake, 193 , $128 ,,,,,
,Virginia,Mecklenburg, 193 , $128 ,,,,,
,Georgia,Burke, 190 , $126 ,,,,,
,Florida,Clay, 190 , $126 ,,,,,
,Massachusetts,Barnstable, 190 , $126 ,,,,,
,Oklahoma,Cherokee, 189 , $125 ,,,,,
,Texas,Gillespie, 189 , $125 ,,,,,
,Illinois,Lake, 189 , $125 ,,,,,
,Georgia,Bleckley, 188 , $125 ,,,,,
,Indiana,Vanderburgh, 186 , $123 ,,,,,
,Texas,Uvalde, 186 , $123 ,,,,,
,Alaska,Juneau, 186 , $123 ,,,,,
,Oklahoma,Cleveland, 185 , $123 ,,,,,
,Ohio,Lake, 185 , $123 ,,,,,
,Florida,Escambia, 185 , $123 ,,,,,
,Texas,Dallas, 185 , $123 ,,,,,
,Virginia,Portsmouth City, 184 , $122 ,,,,,
,Georgia,Monroe, 183 , $121 ,,,,,
,Ohio,Fulton, 182 , $121 ,,,,,
,North Dakota,Morton, 182 , $121 ,,,,,
,West Virginia,Hancock, 181 , $120 ,,,,,
,Minnesota,Isanti, 180 , $119 ,,,,,
,New Jersey,Middlesex, 179 , $119 ,,,,,
,California,Tehama, 178 , $118 ,,,,,
,Mississippi,Washington, 178 , $118 ,,,,,
,Iowa,Pottawattamie, 177 , $117 ,,,,,
,Ohio,Portage, 177 , $117 ,,,,,
,Arizona,Yavapai, 177 , $117 ,,,,,
,Louisiana,Livingston, 177 , $117 ,,,,,
,Minnesota,Nicollet, 177 , $117 ,,,,,
,Florida,Santa Rosa, 176 , $117 ,,,,,
,Maryland,Harford, 175 , $116 ,,,,,
,Oregon,Lane, 175 , $116 ,,,,,
,North Carolina,Davidson, 174 , $115 ,,,,,
,Minnesota,Hubbard, 174 , $115 ,,,,,
,Texas,Hidalgo, 174 , $115 ,,,,,
,Minnesota,Houston, 172 , $114 ,,,,,
,Virginia,Smyth, 172 , $114 ,,,,,
,Arizona,Pima, 171 , $113 ,,,,,
,Nevada,Pershing, 171 , $113 ,,,,,
,Ohio,Morrow, 170 , $113 ,,,,,
,Alabama,Lee, 169 , $112 ,,,,,
,Vermont,Essex, 169 , $112 ,,,,,
,Utah,Carbon, 168 , $111 ,,,,,
,Virginia,Washington, 167 , $111 ,,,,,
,Georgia,Jasper, 166 , $110 ,,,,,
,California,Merced, 166 , $110 ,,,,,
,Georgia,Brooks, 163 , $108 ,,,,,
,Virginia,Grayson, 162 , $107 ,,,,,
,Ohio,Union, 161 , $107 ,,,,,
,Illinois,Knox, 160 , $106 ,,,,,
,New Mexico,Lea, 160 , $106 ,,,,,
,North Carolina,Iredell, 159 , $105 ,,,,,
,Texas,Burleson, 159 , $105 ,,,,,
,Arizona,Pinal, 159 , $105 ,,,,,
,Vermont,Franklin, 159 , $105 ,,,,,
,Arizona,Cochise, 158 , $105 ,,,,,
,California,Sonoma, 158 , $105 ,,,,,
,Georgia,DeKalb, 157 , $104 ,,,,,
,West Virginia,Wetzel, 157 , $104 ,,,,,
,Georgia,Screven, 156 , $103 ,,,,,
,Georgia,Long, 156 , $103 ,,,,,
,Indiana,St. Joseph, 155 , $103 ,,,,,
,Arkansas,Benton, 155 , $103 ,,,,,
,Illinois,Pike, 154 , $102 ,,,,,
,North Carolina,Granville, 153 , $101 ,,,,,
,Alabama,Cherokee, 153 , $101 ,,,,,
,Georgia,Glynn, 153 , $101 ,,,,,
,Georgia,Dawson, 151 , $100 ,,,,,
,Texas,Cooke, 151 , $100 ,,,,,
,Florida,Bay, 150 , $99 ,,,,,
,Minnesota,Morrison, 150 , $99 ,,,,,
,Texas,Lampasas, 149 , $99 ,,,,,
,New York,Tompkins, 149 , $99 ,,,,,
,Illinois,Washington, 148 , $98 ,,,,,
,Minnesota,Washington, 148 , $98 ,,,,,
,Nevada,Douglas, 148 , $98 ,,,,,
,Maine,Sagadahoc, 147 , $97 ,,,,,
,Wyoming,Uinta, 147 , $97 ,,,,,
,Illinois,Jackson, 146 , $97 ,,,,,
,New Mexico,Dona Ana, 146 , $97 ,,,,,
,Indiana,Elkhart, 145 , $96 ,,,,,
,Illinois,Kane, 145 , $96 ,,,,,
,Illinois,Logan, 145 , $96 ,,,,,
,Minnesota,Sherburne, 145 , $96 ,,,,,
,Virginia,Galax City, 145 , $96 ,,,,,
,Kentucky,Elliott, 144 , $95 ,,,,,
,Georgia,McDuffie, 144 , $95 ,,,,,
,Florida,Highlands, 144 , $95 ,,,,,
,Georgia,Lee, 143 , $95 ,,,,,
,Georgia,Camden, 143 , $95 ,,,,,
,Alaska,Fairbanks North Star, 143 , $95 ,,,,,
,Rhode Island,Providence, 143 , $95 ,,,,,
,Missouri,New Madrid, 141 , $93 ,,,,,
,Georgia,Fannin, 141 , $93 ,,,,,
,Wisconsin,Waupaca, 141 , $93 ,,,,,
,Arizona,Graham, 140 , $93 ,,,,,
,Texas,Parker, 140 , $93 ,,,,,
,Georgia,Jeff Davis, 139 , $92 ,,,,,
,California,Nevada, 139 , $92 ,,,,,
,Virginia,Campbell, 139 , $92 ,,,,,
,Georgia,Marion, 138 , $91 ,,,,,
,Minnesota,Benton, 138 , $91 ,,,,,
,New York,Columbia, 138 , $91 ,,,,,
,Virginia,Newport News City, 138 , $91 ,,,,,
,Vermont,Addison, 138 , $91 ,,,,,
,West Virginia,Roane, 138 , $91 ,,,,,
,Georgia,Jenkins, 137 , $91 ,,,,,
,Michigan,Washtenaw, 137 , $91 ,,,,,
,Massachusetts,Hampden, 137 , $91 ,,,,,
,Texas,Denton, 137 , $91 ,,,,,
,Virginia,Russell, 137 , $91 ,,,,,
,Georgia,Clayton, 136 , $90 ,,,,,
,Virginia,Richmond City, 136 , $90 ,,,,,
,Georgia,Cherokee, 135 , $90 ,,,,,
,Idaho,Jerome, 135 , $90 ,,,,,
,Virginia,Franklin, 135 , $90 ,,,,,
,Oklahoma,Comanche, 134 , $89 ,,,,,
,Georgia,Pickens, 134 , $89 ,,,,,
,New Hampshire,Grafton, 134 , $89 ,,,,,
,Georgia,Macon, 133 , $88 ,,,,,
,Georgia,Appling, 133 , $88 ,,,,,
,Maine,Androscoggin, 133 , $88 ,,,,,
,Georgia,Pierce, 132 , $88 ,,,,,
,Illinois,Monroe, 132 , $88 ,,,,,
,Maryland,Talbot, 131 , $87 ,,,,,
,Georgia,Pike, 130 , $86 ,,,,,
,Maryland,Worcester, 130 , $86 ,,,,,
,Virginia,Nelson, 130 , $86 ,,,,,
,Missouri,Cass, 129 , $86 ,,,,,
,Maine,Lincoln, 129 , $86 ,,,,,
,Virginia,Bedford, 129 , $86 ,,,,,
,West Virginia,Upshur, 129 , $86 ,,,,,
,Georgia,Bryan, 128 , $85 ,,,,,
,Virginia,Shenandoah, 127 , $84 ,,,,,
,Virginia,Dickenson, 127 , $84 ,,,,,
,Georgia,Early, 125 , $83 ,,,,,
,North Dakota,Burleigh, 125 , $83 ,,,,,
,North Carolina,Yadkin, 124 , $82 ,,,,,
,Georgia,Butts, 124 , $82 ,,,,,
,Georgia,Clarke, 123 , $82 ,,,,,
,California,Stanislaus, 123 , $82 ,,,,,
,Minnesota,Cass, 123 , $82 ,,,,,
,Oklahoma,Creek, 122 , $81 ,,,,,
,Florida,Seminole, 122 , $81 ,,,,,
,Texas,Taylor, 122 , $81 ,,,,,
,Georgia,Worth, 121 , $80 ,,,,,
,Texas,Webb, 121 , $80 ,,,,,
,Virginia,Wythe, 121 , $80 ,,,,,
,Arkansas,Craighead, 119 , $79 ,,,,,
,Pennsylvania,Sullivan, 119 , $79 ,,,,,
,Vermont,Orange, 119 , $79 ,,,,,
,Iowa,Black Hawk, 118 , $78 ,,,,,
,Missouri,Franklin, 117 , $78 ,,,,,
,Mississippi,Madison, 117 , $78 ,,,,,
,Iowa,Cedar, 116 , $77 ,,,,,
,Mississippi,Tate, 116 , $77 ,,,,,
,Ohio,Medina, 116 , $77 ,,,,,
,Oregon,Lincoln, 116 , $77 ,,,,,
,Connecticut,Hartford, 115 , $76 ,,,,,
,Wisconsin,Brown, 115 , $76 ,,,,,
,Maine,Somerset, 114 , $76 ,,,,,
,New York,Madison, 114 , $76 ,,,,,
,Virginia,Norfolk City, 114 , $76 ,,,,,
,Georgia,Schley, 113 , $75 ,,,,,
,New Hampshire,Sullivan, 113 , $75 ,,,,,
,Michigan,Marquette, 112 , $74 ,,,,,
,Arizona,Santa Cruz, 112 , $74 ,,,,,
,Florida,Walton, 111 , $74 ,,,,,
,Florida,Okaloosa, 111 , $74 ,,,,,
,Mississippi,Prentiss, 111 , $74 ,,,,,
,Pennsylvania,Westmoreland, 111 , $74 ,,,,,
,Virginia,Franklin City, 110 , $73 ,,,,,
,North Carolina,Hoke, 109 , $72 ,,,,,
,Minnesota,Wabasha, 109 , $72 ,,,,,
,Mississippi,Rankin, 109 , $72 ,,,,,
,Georgia,Gwinnett, 108 , $72 ,,,,,
,Michigan,Gogebic, 108 , $72 ,,,,,
,Minnesota,Douglas, 108 , $72 ,,,,,
,Washington,Lewis, 108 , $72 ,,,,,
,Montana,Cascade, 107 , $71 ,,,,,
,Wyoming,Fremont, 107 , $71 ,,,,,
,Texas,Gregg, 106 , $70 ,,,,,
,North Carolina,Durham, 105 , $70 ,,,,,
,Georgia,Seminole, 105 , $70 ,,,,,
,Arkansas,Desha, 105 , $70 ,,,,,
,Minnesota,Goodhue, 105 , $70 ,,,,,
,Utah,Iron, 105 , $70 ,,,,,
,Georgia,Effingham, 104 , $69 ,,,,,
,New York,Hamilton, 104 , $69 ,,,,,
,Oregon,Curry, 104 , $69 ,,,,,
,Pennsylvania,Union, 103 , $68 ,,,,,
,Texas,Henderson, 103 , $68 ,,,,,
,Iowa,Dallas, 102 , $68 ,,,,,
,Kansas,Johnson, 102 , $68 ,,,,,
,Georgia,Clinch, 102 , $68 ,,,,,
,Arkansas,Saline, 102 , $68 ,,,,,
,California,Mendocino, 102 , $68 ,,,,,
,Massachusetts,Hampshire, 102 , $68 ,,,,,
,Iowa,Fayette, 101 , $67 ,,,,,
,Pennsylvania,Jefferson, 101 , $67 ,,,,,
,Georgia,Treutlen, 100 , $66 ,,,,,
,Virginia,Chesterfield, 100 , $66 ,,,,,
,Virginia,Westmoreland, 100 , $66 ,,,,,
,Alabama,Houston, 99 , $66 ,,,,,
,Nebraska,Buffalo, 99 , $66 ,,,,,
,Iowa,Jackson, 98 , $65 ,,,,,
,New Hampshire,Carroll, 98 , $65 ,,,,,
,California,Monterey, 97 , $64 ,,,,,
,New Hampshire,Hillsborough, 97 , $64 ,,,,,
,Ohio,Belmont, 96 , $64 ,,,,,
,Arkansas,Union, 96 , $64 ,,,,,
,Hawaii,Hawaii, 96 , $64 ,,,,,
,Illinois,Rock Island, 96 , $64 ,,,,,
,Virginia,Greensville, 96 , $64 ,,,,,
,Minnesota,Ramsey, 95 , $63 ,,,,,
,Nevada,Lander, 95 , $63 ,,,,,
,Virginia,Rockingham, 95 , $63 ,,,,,
,Texas,Kendall, 94 , $62 ,,,,,
,Florida,Hernando, 94 , $62 ,,,,,
,Massachusetts,Essex, 94 , $62 ,,,,,
,Virginia,Hopewell City, 94 , $62 ,,,,,
,Virginia,Roanoke, 94 , $62 ,,,,,
,Wyoming,Laramie, 94 , $62 ,,,,,
,Georgia,Banks, 93 , $62 ,,,,,
,Missouri,Nodaway, 92 , $61 ,,,,,
,Georgia,Wilkinson, 92 , $61 ,,,,,
,New Mexico,Otero, 92 , $61 ,,,,,
,Connecticut,Fairfield, 91 , $60 ,,,,,
,Maine,Hancock, 91 , $60 ,,,,,
,Minnesota,Steele, 91 , $60 ,,,,,
,Virginia,Northampton, 91 , $60 ,,,,,
,West Virginia,Lewis, 91 , $60 ,,,,,
,Georgia,Talbot, 90 , $60 ,,,,,
,Florida,St. Lucie, 90 , $60 ,,,,,
,Florida,Charlotte, 90 , $60 ,,,,,
,Kansas,Sedgwick, 89 , $59 ,,,,,
,Georgia,Atkinson, 89 , $59 ,,,,,
,Florida,Volusia, 89 , $59 ,,,,,
,New Mexico,Quay, 89 , $59 ,,,,,
,Virginia,Augusta, 89 , $59 ,,,,,
,West Virginia,Mineral, 89 , $59 ,,,,,
,Georgia,Barrow, 88 , $58 ,,,,,
,Montana,Gallatin, 88 , $58 ,,,,,
,Nebraska,Cass, 87 , $58 ,,,,,
,Georgia,Union, 87 , $58 ,,,,,
,Georgia,Richmond, 87 , $58 ,,,,,
,Georgia,Berrien, 87 , $58 ,,,,,
,Oregon,Josephine, 87 , $58 ,,,,,
,Pennsylvania,Bucks, 86 , $57 ,,,,,
,Pennsylvania,Adams, 86 , $57 ,,,,,
,Washington,Yakima, 86 , $57 ,,,,,
,Minnesota,Faribault, 85 , $56 ,,,,,
,Minnesota,Kandiyohi, 85 , $56 ,,,,,
,West Virginia,Preston, 85 , $56 ,,,,,
,Georgia,Charlton, 84 , $56 ,,,,,
,Georgia,Elbert, 84 , $56 ,,,,,
,Idaho,Blaine, 84 , $56 ,,,,,
,Minnesota,Martin, 84 , $56 ,,,,,
,Wisconsin,Sauk, 84 , $56 ,,,,,
,Oklahoma,Osage, 83 , $55 ,,,,,
,Iowa,Bremer, 83 , $55 ,,,,,
,Iowa,Howard, 83 , $55 ,,,,,
,Virginia,Hampton City, 83 , $55 ,,,,,
,Ohio,Trumbull, 82 , $54 ,,,,,
,Michigan,Ottawa, 82 , $54 ,,,,,
,Utah,Uintah, 82 , $54 ,,,,,
,Missouri,Greene, 81 , $54 ,,,,,
,Illinois,Effingham, 81 , $54 ,,,,,
,South Carolina,Allendale, 81 , $54 ,,,,,
,Iowa,Iowa, 80 , $53 ,,,,,
,Illinois,Clinton, 80 , $53 ,,,,,
,New Mexico,Taos, 80 , $53 ,,,,,
,North Carolina,Pitt, 79 , $52 ,,,,,
,Arkansas,Faulkner, 79 , $52 ,,,,,
,Arkansas,St. Francis, 79 , $52 ,,,,,
,Florida,Suwannee, 79 , $52 ,,,,,
,Minnesota,Fillmore, 79 , $52 ,,,,,
,New Jersey,Cape May, 79 , $52 ,,,,,
,Virginia,Rockbridge, 79 , $52 ,,,,,
,Iowa,Poweshiek, 78 , $52 ,,,,,
,Missouri,Stone, 78 , $52 ,,,,,
,Georgia,Heard, 78 , $52 ,,,,,
,Alaska,Ketchikan Gateway, 78 , $52 ,,,,,
,California,Plumas, 78 , $52 ,,,,,
,Florida,Jackson, 78 , $52 ,,,,,
,Texas,Lubbock, 78 , $52 ,,,,,
,Kentucky,Marshall, 77 , $51 ,,,,,
,North Carolina,Franklin, 77 , $51 ,,,,,
,Georgia,Candler, 77 , $51 ,,,,,
,Illinois,Grundy, 77 , $51 ,,,,,
,Nevada,White Pine, 77 , $51 ,,,,,
,Arkansas,Franklin, 76 , $50 ,,,,,
,Montana,Flathead, 76 , $50 ,,,,,
,Wisconsin,Walworth, 76 , $50 ,,,,,
,Michigan,Livingston, 75 , $50 ,,,,,
,Louisiana,Union, 75 , $50 ,,,,,
,Minnesota,Kanabec, 75 , $50 ,,,,,
,Iowa,Lucas, 74 , $49 ,,,,,
,Washington,Thurston, 74 , $49 ,,,,,
,Washington,Spokane, 74 , $49 ,,,,,
,Iowa,Crawford, 73 , $48 ,,,,,
,Ohio,Paulding, 73 , $48 ,,,,,
,Georgia,Henry, 73 , $48 ,,,,,
,Colorado,Montezuma, 73 , $48 ,,,,,
,Oklahoma,Wagoner, 72 , $48 ,,,,,
,Florida,Sumter, 72 , $48 ,,,,,
,Minnesota,Beltrami, 72 , $48 ,,,,,
,Mississippi,Forrest, 72 , $48 ,,,,,
,Washington,Whatcom, 72 , $48 ,,,,,
,Wisconsin,Adams, 72 , $48 ,,,,,
,Iowa,Taylor, 71 , $47 ,,,,,
,Texas,Waller, 71 , $47 ,,,,,
,Arkansas,Poinsett, 71 , $47 ,,,,,
,South Carolina,Cherokee, 71 , $47 ,,,,,
,Washington,Skamania, 71 , $47 ,,,,,
,Washington,Benton, 71 , $47 ,,,,,
,Indiana,Gibson, 70 , $46 ,,,,,
,Iowa,Story, 70 , $46 ,,,,,
,Georgia,Fayette, 70 , $46 ,,,,,
,Minnesota,Todd, 70 , $46 ,,,,,
,South Carolina,Charleston, 70 , $46 ,,,,,
,North Carolina,Rowan, 69 , $46 ,,,,,
,Alabama,Barbour, 69 , $46 ,,,,,
,Georgia,Haralson, 69 , $46 ,,,,,
,Indiana,Union, 69 , $46 ,,,,,
,Minnesota,Waseca, 69 , $46 ,,,,,
,New York,Allegany, 69 , $46 ,,,,,
,Virginia,Buchanan, 69 , $46 ,,,,,
,Iowa,Delaware, 68 , $45 ,,,,,
,Georgia,Wilcox, 68 , $45 ,,,,,
,Arkansas,Independence, 68 , $45 ,,,,,
,California,Los Angeles, 68 , $45 ,,,,,
,Florida,Osceola, 68 , $45 ,,,,,
,Illinois,Morgan, 68 , $45 ,,,,,
,Florida,Alachua, 67 , $44 ,,,,,
,Maine,Knox, 67 , $44 ,,,,,
,North Dakota,Cass, 67 , $44 ,,,,,
,Texas,Kaufman, 67 , $44 ,,,,,
,West Virginia,Putnam, 67 , $44 ,,,,,
,Georgia,Gilmer, 66 , $44 ,,,,,
,Maryland,Frederick, 65 , $43 ,,,,,
,North Carolina,Warren, 64 , $42 ,,,,,
,Georgia,Hart, 64 , $42 ,,,,,
,Arkansas,Boone, 64 , $42 ,,,,,
,Louisiana,Lafourche, 64 , $42 ,,,,,
,Oregon,Union, 64 , $42 ,,,,,
,Kentucky,Trigg, 63 , $42 ,,,,,
,Georgia,Warren, 63 , $42 ,,,,,
,Idaho,Twin Falls, 63 , $42 ,,,,,
,Mississippi,Pearl River, 63 , $42 ,,,,,
,Texas,Victoria, 63 , $42 ,,,,,
,Virginia,Botetourt, 63 , $42 ,,,,,
,North Carolina,Sampson, 62 , $41 ,,,,,
,Iowa,Allamakee, 62 , $41 ,,,,,
,Illinois,Whiteside, 62 , $41 ,,,,,
,Iowa,Washington, 61 , $40 ,,,,,
,Georgia,Rabun, 61 , $40 ,,,,,
,California,Solano, 61 , $40 ,,,,,
,New Mexico,Santa Fe, 61 , $40 ,,,,,
,Maine,Franklin, 60 , $40 ,,,,,
,Iowa,Mitchell, 59 , $39 ,,,,,
,Ohio,Geauga, 59 , $39 ,,,,,
,New York,Westchester, 59 , $39 ,,,,,
,Virginia,Henrico, 59 , $39 ,,,,,
,Indiana,Morgan, 58 , $38 ,,,,,
,Iowa,Benton, 58 , $38 ,,,,,
,Iowa,Monona, 58 , $38 ,,,,,
,Georgia,Pulaski, 58 , $38 ,,,,,
,Maryland,Carroll, 58 , $38 ,,,,,
,South Dakota,Clay, 58 , $38 ,,,,,
,West Virginia,Marshall, 58 , $38 ,,,,,
,Georgia,Grady, 57 , $38 ,,,,,
,Arkansas,Randolph, 57 , $38 ,,,,,
,Arizona,Apache, 57 , $38 ,,,,,
,Minnesota,Dodge, 57 , $38 ,,,,,
,Kentucky,Henderson, 56 , $37 ,,,,,
,Indiana,Delaware, 56 , $37 ,,,,,
,Florida,Indian River, 56 , $37 ,,,,,
,Florida,Hardee, 56 , $37 ,,,,,
,Illinois,Sangamon, 56 , $37 ,,,,,
,Rhode Island,Washington, 56 , $37 ,,,,,
,Virginia,Albemarle, 56 , $37 ,,,,,
,North Carolina,Chatham, 55 , $36 ,,,,,
,Connecticut,Tolland, 55 , $36 ,,,,,
,Pennsylvania,Perry, 55 , $36 ,,,,,
,Pennsylvania,Juniata, 55 , $36 ,,,,,
,Virginia,Culpeper, 55 , $36 ,,,,,
,Washington,King, 55 , $36 ,,,,,
,Iowa,Marion, 54 , $36 ,,,,,
,Georgia,Stewart, 54 , $36 ,,,,,
,Illinois,Bond, 54 , $36 ,,,,,
,North Carolina,Ashe, 53 , $35 ,,,,,
,Iowa,Monroe, 53 , $35 ,,,,,
,Iowa,Sioux, 53 , $35 ,,,,,
,Missouri,Clay, 53 , $35 ,,,,,
,Ohio,Harrison, 53 , $35 ,,,,,
,Georgia,Washington, 53 , $35 ,,,,,
,Florida,Lee, 53 , $35 ,,,,,
,Utah,Utah, 53 , $35 ,,,,,
,North Carolina,Cabarrus, 52 , $34 ,,,,,
,Texas,Gonzales, 52 , $34 ,,,,,
,Michigan,Roscommon, 52 , $34 ,,,,,
,Alaska,Kenai Peninsula, 52 , $34 ,,,,,
,Connecticut,New London, 52 , $34 ,,,,,
,Mississippi,Coahoma, 52 , $34 ,,,,,
,Washington,Klickitat, 52 , $34 ,,,,,
,Oklahoma,Nowata, 51 , $34 ,,,,,
,Florida,Wakulla, 51 , $34 ,,,,,
,Louisiana,Acadia, 51 , $34 ,,,,,
,Mississippi,Sunflower, 51 , $34 ,,,,,
,Texas,Randall, 51 , $34 ,,,,,
,Virginia,Buena Vista City, 51 , $34 ,,,,,
,Wisconsin,Dodge, 51 , $34 ,,,,,
,Iowa,Floyd, 50 , $33 ,,,,,
,Iowa,Union, 50 , $33 ,,,,,
,Missouri,Jefferson, 50 , $33 ,,,,,
,Florida,St. Johns, 50 , $33 ,,,,,
,New Jersey,Sussex, 50 , $33 ,,,,,
,Oregon,Malheur, 50 , $33 ,,,,,
,Wisconsin,Eau Claire, 50 , $33 ,,,,,
,Indiana,Hancock, 49 , $32 ,,,,,
,Minnesota,Blue Earth, 49 , $32 ,,,,,
,Minnesota,Lake, 49 , $32 ,,,,,
,Oregon,Clatsop, 49 , $32 ,,,,,
,Virginia,Scott, 49 , $32 ,,,,,
,Virginia,Southampton, 49 , $32 ,,,,,
,Wyoming,Albany, 49 , $32 ,,,,,
,North Carolina,Alamance, 48 , $32 ,,,,,
,Ohio,Henry, 48 , $32 ,,,,,
,Texas,Hill, 48 , $32 ,,,,,
,Mississippi,Winston, 48 , $32 ,,,,,
,New Mexico,Cibola, 48 , $32 ,,,,,
,Nevada,Mineral, 48 , $32 ,,,,,
,New York,Dutchess, 48 , $32 ,,,,,
,Utah,Tooele, 48 , $32 ,,,,,
,Virginia,Lancaster, 48 , $32 ,,,,,
,North Carolina,Jones, 47 , $31 ,,,,,
,Georgia,Chattahoochee, 47 , $31 ,,,,,
,California,Imperial, 47 , $31 ,,,,,
,California,San Benito, 47 , $31 ,,,,,
,Mississippi,Clay, 47 , $31 ,,,,,
,Texas,Grayson, 47 , $31 ,,,,,
,North Carolina,Dare, 46 , $30 ,,,,,
,Iowa,Calhoun, 46 , $30 ,,,,,
,Missouri,Morgan, 46 , $30 ,,,,,
,Louisiana,Saint Landry, 46 , $30 ,,,,,
,Mississippi,Lee, 46 , $30 ,,,,,
,New Mexico,Sandoval, 46 , $30 ,,,,,
,New Mexico,Roosevelt, 46 , $30 ,,,,,
,New Mexico,Rio Arriba, 46 , $30 ,,,,,
,New York,Yates, 46 , $30 ,,,,,
,Ohio,Allen, 45 , $30 ,,,,,
,Florida,Pinellas, 45 , $30 ,,,,,
,Maine,Waldo, 45 , $30 ,,,,,
,Pennsylvania,Cambria, 45 , $30 ,,,,,
,North Carolina,New Hanover, 44 , $29 ,,,,,
,Oklahoma,Caddo, 44 , $29 ,,,,,
,Iowa,Jones, 44 , $29 ,,,,,
,Arkansas,Jackson, 44 , $29 ,,,,,
,Florida,Palm Beach, 44 , $29 ,,,,,
,Utah,Washington, 44 , $29 ,,,,,
,Virginia,Lunenburg, 44 , $29 ,,,,,
,Wyoming,Natrona, 44 , $29 ,,,,,
,North Carolina,Catawba, 43 , $29 ,,,,,
,Iowa,Kossuth, 43 , $29 ,,,,,
,Michigan,Iosco, 43 , $29 ,,,,,
,Delaware,Kent, 43 , $29 ,,,,,
,Louisiana,Lincoln, 43 , $29 ,,,,,
,Minnesota,Mille Lacs, 43 , $29 ,,,,,
,Mississippi,Hancock, 43 , $29 ,,,,,
,Rhode Island,Newport, 43 , $29 ,,,,,
,Virginia,Waynesboro City, 43 , $29 ,,,,,
,Vermont,Grand Isle, 43 , $29 ,,,,,
,Michigan,Cass, 42 , $28 ,,,,,
,Michigan,Delta, 42 , $28 ,,,,,
,Pennsylvania,Columbia, 42 , $28 ,,,,,
,Texas,El Paso, 42 , $28 ,,,,,
,Wisconsin,Grant, 42 , $28 ,,,,,
,West Virginia,Tyler, 42 , $28 ,,,,,
,Indiana,Bartholomew, 41 , $27 ,,,,,
,Iowa,Wright, 41 , $27 ,,,,,
,Georgia,Lanier, 41 , $27 ,,,,,
,Arkansas,Cross, 41 , $27 ,,,,,
,Illinois,Lee, 41 , $27 ,,,,,
,Louisiana,Jefferson, 41 , $27 ,,,,,
,South Carolina,Florence, 41 , $27 ,,,,,
,Iowa,Clayton, 40 , $27 ,,,,,
,Missouri,Reynolds, 40 , $27 ,,,,,
,Texas,Leon, 40 , $27 ,,,,,
,North Dakota,Ward, 40 , $27 ,,,,,
,Washington,Douglas, 40 , $27 ,,,,,
,Wisconsin,Florence, 40 , $27 ,,,,,
,Wisconsin,La Crosse, 40 , $27 ,,,,,
,Kentucky,Wolfe, 39 , $26 ,,,,,
,Iowa,Cherokee, 39 , $26 ,,,,,
,Hawaii,Maui, 39 , $26 ,,,,,
,Texas,Calhoun, 39 , $26 ,,,,,
,Washington,Skagit, 39 , $26 ,,,,,
,Wisconsin,Dane, 39 , $26 ,,,,,
,West Virginia,Doddridge, 39 , $26 ,,,,,
,Iowa,Tama, 38 , $25 ,,,,,
,Nebraska,Hall, 38 , $25 ,,,,,
,Ohio,Adams, 38 , $25 ,,,,,
,Massachusetts,Norfolk, 38 , $25 ,,,,,
,Maine,Piscataquis, 38 , $25 ,,,,,
,Missouri,Warren, 37 , $25 ,,,,,
,Missouri,Boone, 37 , $25 ,,,,,
,Georgia,Bacon, 37 , $25 ,,,,,
,Colorado,Summit, 37 , $25 ,,,,,
,Florida,Glades, 37 , $25 ,,,,,
,Florida,Hendry, 37 , $25 ,,,,,
,Louisiana,Saint Tammany, 37 , $25 ,,,,,
,Virginia,Staunton City, 37 , $25 ,,,,,
,Iowa,Henry, 36 , $24 ,,,,,
,Missouri,St. Charles, 36 , $24 ,,,,,
,Mississippi,Benton, 36 , $24 ,,,,,
,Georgia,Johnson, 36 , $24 ,,,,,
,Michigan,Crawford, 36 , $24 ,,,,,
,Minnesota,Carlton, 36 , $24 ,,,,,
,Montana,Ravalli, 36 , $24 ,,,,,
,New York,Putnam, 36 , $24 ,,,,,
,West Virginia,Boone, 36 , $24 ,,,,,
,Iowa,Chickasaw, 35 , $23 ,,,,,
,Georgia,Wheeler, 35 , $23 ,,,,,
,Georgia,Glascock, 35 , $23 ,,,,,
,Georgia,Taliaferro, 35 , $23 ,,,,,
,Virginia,Middlesex, 35 , $23 ,,,,,
,Virginia,Richmond, 35 , $23 ,,,,,
,Missouri,Ralls, 34 , $23 ,,,,,
,Michigan,Tuscola, 34 , $23 ,,,,,
,Colorado,La Plata, 34 , $23 ,,,,,
,Florida,Leon, 34 , $23 ,,,,,
,Virginia,Salem, 34 , $23 ,,,,,
,Oklahoma,Woodward, 33 , $22 ,,,,,
,Iowa,Sac, 33 , $22 ,,,,,
,Iowa,Plymouth, 33 , $22 ,,,,,
,Arkansas,Baxter, 33 , $22 ,,,,,
,Florida,Manatee, 33 , $22 ,,,,,
,Louisiana,Washington, 33 , $22 ,,,,,
,New York,Kings, 33 , $22 ,,,,,
,Oregon,Marion, 33 , $22 ,,,,,
,Virginia,Louisa, 33 , $22 ,,,,,
,Virginia,Bath, 33 , $22 ,,,,,
,Virginia,Greene, 33 , $22 ,,,,,
,Indiana,Johnson, 32 , $21 ,,,,,
,Iowa,Winneshiek, 32 , $21 ,,,,,
,Iowa,Cass, 32 , $21 ,,,,,
,Missouri,Platte, 32 , $21 ,,,,,
,Ohio,Williams, 32 , $21 ,,,,,
,Georgia,Baker, 32 , $21 ,,,,,
,Arkansas,Drew, 32 , $21 ,,,,,
,Florida,Levy, 32 , $21 ,,,,,
,Minnesota,Wadena, 32 , $21 ,,,,,
,Texas,Kleberg, 32 , $21 ,,,,,
,West Virginia,Wayne, 32 , $21 ,,,,,
,Kentucky,Muhlenberg, 31 , $21 ,,,,,
,Kentucky,Graves, 31 , $21 ,,,,,
,North Carolina,Martin, 31 , $21 ,,,,,
,Indiana,Rush, 31 , $21 ,,,,,
,Iowa,Warren, 31 , $21 ,,,,,
,Georgia,Mitchell, 31 , $21 ,,,,,
,Georgia,Columbia, 31 , $21 ,,,,,
,Michigan,Oceana, 31 , $21 ,,,,,
,Kentucky,Pendleton, 31 , $21 ,,,,,
,Florida,Baker, 31 , $21 ,,,,,
,Idaho,Kootenai, 31 , $21 ,,,,,
,New Mexico,Torrance, 31 , $21 ,,,,,
,Virginia,Bland, 31 , $21 ,,,,,
,Iowa,Wayne, 30 , $20 ,,,,,
,Iowa,Shelby, 30 , $20 ,,,,,
,Ohio,Pike, 30 , $20 ,,,,,
,Florida,Orange, 30 , $20 ,,,,,
,Idaho,Camas, 30 , $20 ,,,,,
,Louisiana,West Baton Rouge, 30 , $20 ,,,,,
,New Jersey,Monmouth, 30 , $20 ,,,,,
,Virginia,Madison, 30 , $20 ,,,,,
,Virginia,Frederick, 30 , $20 ,,,,,
,Wyoming,Weston, 30 , $20 ,,,,,
,Indiana,Vigo, 29 , $19 ,,,,,
,Iowa,Page, 29 , $19 ,,,,,
,Michigan,Dickinson, 29 , $19 ,,,,,
,Arkansas,Lawrence, 29 , $19 ,,,,,
,Colorado,Fremont, 29 , $19 ,,,,,
,Idaho,Minidoka, 29 , $19 ,,,,,
,Pennsylvania,Bedford, 29 , $19 ,,,,,
,West Virginia,Gilmer, 29 , $19 ,,,,,
,Wyoming,Converse, 29 , $19 ,,,,,
,North Carolina,Avery, 28 , $19 ,,,,,
,North Carolina,Stokes, 28 , $19 ,,,,,
,North Carolina,Wayne, 28 , $19 ,,,,,
,Oklahoma,Beckham, 28 , $19 ,,,,,
,Minnesota,Koochiching, 28 , $19 ,,,,,
,Nevada,Eureka, 28 , $19 ,,,,,
,South Carolina,Beaufort, 28 , $19 ,,,,,
,West Virginia,Kanawha, 28 , $19 ,,,,,
,North Carolina,Union, 27 , $18 ,,,,,
,Oklahoma,Mayes, 27 , $18 ,,,,,
,Ohio,Hardin, 27 , $18 ,,,,,
,Ohio,Lawrence, 27 , $18 ,,,,,
,Georgia,Dooly, 27 , $18 ,,,,,
,Michigan,Charlevoix, 27 , $18 ,,,,,
,Colorado,Logan, 27 , $18 ,,,,,
,Florida,Citrus, 27 , $18 ,,,,,
,Illinois,Jefferson, 27 , $18 ,,,,,
,Illinois,Moultrie, 27 , $18 ,,,,,
,Massachusetts,Plymouth, 27 , $18 ,,,,,
,Minnesota,Wilkin, 27 , $18 ,,,,,
,New Hampshire,Strafford, 27 , $18 ,,,,,
,New Hampshire,Rockingham, 27 , $18 ,,,,,
,Nevada,Lincoln, 27 , $18 ,,,,,
,South Carolina,Chesterfield, 27 , $18 ,,,,,
,South Carolina,Georgetown, 27 , $18 ,,,,,
,Virginia,Lexington City, 27 , $18 ,,,,,
,Washington,Adams, 27 , $18 ,,,,,
,West Virginia,Jefferson, 27 , $18 ,,,,,
,North Carolina,Cherokee, 26 , $17 ,,,,,
,Ohio,Wyandot, 26 , $17 ,,,,,
,Colorado,Morgan, 26 , $17 ,,,,,
,Colorado,Eagle, 26 , $17 ,,,,,
,Colorado,Mesa, 26 , $17 ,,,,,
,Minnesota,Meeker, 26 , $17 ,,,,,
,Mississippi,Copiah, 26 , $17 ,,,,,
,Oregon,Crook, 26 , $17 ,,,,,
,Pennsylvania,Montour, 26 , $17 ,,,,,
,Texas,Angelina, 26 , $17 ,,,,,
,Washington,Kittitas, 26 , $17 ,,,,,
,North Carolina,Currituck, 25 , $17 ,,,,,
,Indiana,Hamilton, 25 , $17 ,,,,,
,Iowa,Montgomery, 25 , $17 ,,,,,
,Georgia,Forsyth, 25 , $17 ,,,,,
,Michigan,Montcalm, 25 , $17 ,,,,,
,Arkansas,Washington, 25 , $17 ,,,,,
,Arkansas,Ouachita, 25 , $17 ,,,,,
,Colorado,Otero, 25 , $17 ,,,,,
,Florida,Collier, 25 , $17 ,,,,,
,Louisiana,Saint Charles, 25 , $17 ,,,,,
,Montana,Yellowstone, 25 , $17 ,,,,,
,Pennsylvania,Clarion, 25 , $17 ,,,,,
,South Carolina,Saluda, 25 , $17 ,,,,,
,South Carolina,Dorchester, 25 , $17 ,,,,,
,Texas,Hunt, 25 , $17 ,,,,,
,Virginia,James City, 25 , $17 ,,,,,
,Virginia,Caroline, 25 , $17 ,,,,,
,West Virginia,Barbour, 25 , $17 ,,,,,
,North Carolina,Anson, 24 , $16 ,,,,,
,North Carolina,Nash, 24 , $16 ,,,,,
,Iowa,Buchanan, 24 , $16 ,,,,,
,Missouri,Christian, 24 , $16 ,,,,,
,Alabama,Wilcox, 24 , $16 ,,,,,
,Georgia,Miller, 24 , $16 ,,,,,
,Georgia,Lumpkin, 24 , $16 ,,,,,
,Texas,Kimble, 24 , $16 ,,,,,
,Florida,Taylor, 24 , $16 ,,,,,
,Florida,Bradford, 24 , $16 ,,,,,
,New York,Wyoming, 24 , $16 ,,,,,
,Iowa,Franklin, 23 , $15 ,,,,,
,Iowa,Hancock, 23 , $15 ,,,,,
,Iowa,Johnson, 23 , $15 ,,,,,
,Texas,Robertson, 23 , $15 ,,,,,
,Texas,Comanche, 23 , $15 ,,,,,
,Louisiana,Terrebonne, 23 , $15 ,,,,,
,Oregon,Yamhill, 23 , $15 ,,,,,
,Virginia,Colonial Heights City, 23 , $15 ,,,,,
,West Virginia,Grant, 23 , $15 ,,,,,
,North Carolina,Wake, 22 , $15 ,,,,,
,North Carolina,Mecklenburg, 22 , $15 ,,,,,
,Indiana,Posey, 22 , $15 ,,,,,
,Iowa,Harrison, 22 , $15 ,,,,,
,Georgia,Madison, 22 , $15 ,,,,,
,Georgia,Cook, 22 , $15 ,,,,,
,Michigan,Cheboygan, 22 , $15 ,,,,,
,Colorado,Moffat, 22 , $15 ,,,,,
,Illinois,Adams, 22 , $15 ,,,,,
,Mississippi,Pike, 22 , $15 ,,,,,
,Texas,Cameron, 22 , $15 ,,,,,
,Virginia,Chesapeake City, 22 , $15 ,,,,,
,Virginia,Spotsylvania, 22 , $15 ,,,,,
,Indiana,Porter, 21 , $14 ,,,,,
,Indiana,Carroll, 21 , $14 ,,,,,
,Nebraska,Pierce, 21 , $14 ,,,,,
,Colorado,Rio Grande, 21 , $14 ,,,,,
,Connecticut,Middlesex, 21 , $14 ,,,,,
,Louisiana,Calcasieu, 21 , $14 ,,,,,
,Virginia,Hanover, 21 , $14 ,,,,,
,Washington,Pacific, 21 , $14 ,,,,,
,Washington,Cowlitz, 21 , $14 ,,,,,
,Washington,Chelan, 21 , $14 ,,,,,
,Wisconsin,Marathon, 21 , $14 ,,,,,
,West Virginia,Ohio, 21 , $14 ,,,,,
,Kansas,Riley, 20 , $13 ,,,,,
,Michigan,Emmet, 20 , $13 ,,,,,
,Alaska,Sitka, 20 , $13 ,,,,,
,Idaho,Elmore, 20 , $13 ,,,,,
,Idaho,Caribou, 20 , $13 ,,,,,
,Oregon,Hood River, 20 , $13 ,,,,,
,South Carolina,Clarendon, 20 , $13 ,,,,,
,Virginia,Gloucester, 20 , $13 ,,,,,
,Washington,Clark, 20 , $13 ,,,,,
,Washington,Franklin, 20 , $13 ,,,,,
,Wisconsin,Juneau, 20 , $13 ,,,,,
,Indiana,Jasper, 19 , $13 ,,,,,
,Indiana,Fountain, 19 , $13 ,,,,,
,Iowa,Madison, 19 , $13 ,,,,,
,Nebraska,York, 19 , $13 ,,,,,
,Georgia,Calhoun, 19 , $13 ,,,,,
,Georgia,Towns, 19 , $13 ,,,,,
,Georgia,Oconee, 19 , $13 ,,,,,
,Michigan,Antrim, 19 , $13 ,,,,,
,Florida,Holmes, 19 , $13 ,,,,,
,New Mexico,Colfax, 19 , $13 ,,,,,
,Rhode Island,Kent, 19 , $13 ,,,,,
,Texas,Ellis, 19 , $13 ,,,,,
,Washington,Okanogan, 19 , $13 ,,,,,
,North Carolina,Pender, 18 , $12 ,,,,,
,Oklahoma,Logan, 18 , $12 ,,,,,
,Iowa,Grundy, 18 , $12 ,,,,,
,Iowa,Mills, 18 , $12 ,,,,,
,Alabama,Covington, 18 , $12 ,,,,,
,Kansas,Miami, 18 , $12 ,,,,,
,Ohio,Carroll, 18 , $12 ,,,,,
,California,San Diego, 18 , $12 ,,,,,
,California,Mono, 18 , $12 ,,,,,
,Florida,Flagler, 18 , $12 ,,,,,
,Idaho,Fremont, 18 , $12 ,,,,,
,Louisiana,Saint Bernard, 18 , $12 ,,,,,
,New Mexico,Sierra, 18 , $12 ,,,,,
,Oregon,Umatilla, 18 , $12 ,,,,,
,Oregon,Wallowa, 18 , $12 ,,,,,
,Texas,San Patricio, 18 , $12 ,,,,,
,Virginia,Winchester City, 18 , $12 ,,,,,
,Virginia,Highland, 18 , $12 ,,,,,
,Washington,Pierce, 18 , $12 ,,,,,
,Wisconsin,Price, 18 , $12 ,,,,,
,Wisconsin,Green, 18 , $12 ,,,,,
,Indiana,Wells, 17 , $11 ,,,,,
,Nebraska,Dodge, 17 , $11 ,,,,,
,Nebraska,Burt, 17 , $11 ,,,,,
,Ohio,Hocking, 17 , $11 ,,,,,
,Texas,Blanco, 17 , $11 ,,,,,
,Arizona,Coconino, 17 , $11 ,,,,,
,Colorado,Garfield, 17 , $11 ,,,,,
,Florida,Liberty, 17 , $11 ,,,,,
,Illinois,Boone, 17 , $11 ,,,,,
,Maryland,Charles, 17 , $11 ,,,,,
,New Jersey,Hunterdon, 17 , $11 ,,,,,
,South Carolina,Colleton, 17 , $11 ,,,,,
,Wisconsin,Calumet, 17 , $11 ,,,,,
,Kentucky,Edmonson, 16 , $11 ,,,,,
,Kentucky,Fulton, 16 , $11 ,,,,,
,North Carolina,Montgomery, 16 , $11 ,,,,,
,North Carolina,Person, 16 , $11 ,,,,,
,North Carolina,Bladen, 16 , $11 ,,,,,
,Indiana,Warrick, 16 , $11 ,,,,,
,Indiana,Benton, 16 , $11 ,,,,,
,Iowa,Keokuk, 16 , $11 ,,,,,
,Iowa,Humboldt, 16 , $11 ,,,,,
,Alabama,Geneva, 16 , $11 ,,,,,
,Michigan,Grand Traverse, 16 , $11 ,,,,,
,Texas,Fayette, 16 , $11 ,,,,,
,Idaho,Shoshone, 16 , $11 ,,,,,
,Illinois,Clay, 16 , $11 ,,,,,
,Louisiana,Ascension, 16 , $11 ,,,,,
,Montana,Deer Lodge, 16 , $11 ,,,,,
,Washington,Columbia, 16 , $11 ,,,,,
,Washington,Walla Walla, 16 , $11 ,,,,,
,Washington,Stevens, 16 , $11 ,,,,,
,West Virginia,Randolph, 16 , $11 ,,,,,
,Iowa,Palo Alto, 15 , $10 ,,,,,
,Iowa,Winnebago, 15 , $10 ,,,,,
,Iowa,Butler, 15 , $10 ,,,,,
,Missouri,Lincoln, 15 , $10 ,,,,,
,Ohio,Jefferson, 15 , $10 ,,,,,
,California,Siskiyou, 15 , $10 ,,,,,
,Florida,Jefferson, 15 , $10 ,,,,,
,Florida,Madison, 15 , $10 ,,,,,
,Illinois,Kendall, 15 , $10 ,,,,,
,Illinois,Jersey, 15 , $10 ,,,,,
,Maine,Aroostook, 15 , $10 ,,,,,
,Nevada,Carson City, 15 , $10 ,,,,,
,Oregon,Linn, 15 , $10 ,,,,,
,Rhode Island,Bristol, 15 , $10 ,,,,,
,Virginia,Stafford, 15 , $10 ,,,,,
,Wisconsin,Kewaunee, 15 , $10 ,,,,,
,Wyoming,Carbon, 15 , $10 ,,,,,
,Kentucky,Breckinridge, 14 , $9 ,,,,,
,North Carolina,Greene, 14 , $9 ,,,,,
,Oklahoma,Texas, 14 , $9 ,,,,,
,Missouri,Cooper, 14 , $9 ,,,,,
,Alabama,Escambia, 14 , $9 ,,,,,
,Nebraska,Otoe, 14 , $9 ,,,,,
,Michigan,Kalkaska, 14 , $9 ,,,,,
,Arkansas,Conway, 14 , $9 ,,,,,
,Arkansas,Chicot, 14 , $9 ,,,,,
,Colorado,Pitkin, 14 , $9 ,,,,,
,Idaho,Valley, 14 , $9 ,,,,,
,Illinois,Massac, 14 , $9 ,,,,,
,Maryland,St. Mary's, 14 , $9 ,,,,,
,Pennsylvania,Northumberland, 14 , $9 ,,,,,
,Texas,Howard, 14 , $9 ,,,,,
,Utah,Sevier, 14 , $9 ,,,,,
,West Virginia,Morgan, 14 , $9 ,,,,,
,Kentucky,Lyon, 13 , $9 ,,,,,
,Kentucky,Clinton, 13 , $9 ,,,,,
,Iowa,Worth, 13 , $9 ,,,,,
,Missouri,Howell, 13 , $9 ,,,,,
,Missouri,Cole, 13 , $9 ,,,,,
,Missouri,Camden, 13 , $9 ,,,,,
,Missouri,Lafayette, 13 , $9 ,,,,,
,Ohio,Holmes, 13 , $9 ,,,,,
,Arkansas,Columbia, 13 , $9 ,,,,,
,Arkansas,Sharp, 13 , $9 ,,,,,
,California,Sacramento, 13 , $9 ,,,,,
,Colorado,Routt, 13 , $9 ,,,,,
,Colorado,Chaffee, 13 , $9 ,,,,,
,Colorado,Las Animas, 13 , $9 ,,,,,
,Florida,Gilchrist, 13 , $9 ,,,,,
,Idaho,Ada, 13 , $9 ,,,,,
,Illinois,Marion, 13 , $9 ,,,,,
,Mississippi,Lowndes, 13 , $9 ,,,,,
,New York,Suffolk, 13 , $9 ,,,,,
,Virginia,Essex, 13 , $9 ,,,,,
,Washington,Kitsap, 13 , $9 ,,,,,
,Wisconsin,Wood, 13 , $9 ,,,,,
,North Carolina,Orange, 12 , $8 ,,,,,
,North Carolina,Yancey, 12 , $8 ,,,,,
,North Carolina,Buncombe, 12 , $8 ,,,,,
,Indiana,Howard, 12 , $8 ,,,,,
,Missouri,Phelps, 12 , $8 ,,,,,
,Alabama,Autauga, 12 , $8 ,,,,,
,Nebraska,Seward, 12 , $8 ,,,,,
,Nebraska,Saunders, 12 , $8 ,,,,,
,Nebraska,Cuming, 12 , $8 ,,,,,
,Texas,Bosque, 12 , $8 ,,,,,
,Colorado,Archuleta, 12 , $8 ,,,,,
,Florida,Broward, 12 , $8 ,,,,,
,Idaho,Washington, 12 , $8 ,,,,,
,North Dakota,Barnes, 12 , $8 ,,,,,
,New Jersey,Morris, 12 , $8 ,,,,,
,Oregon,Wasco, 12 , $8 ,,,,,
,Oregon,Polk, 12 , $8 ,,,,,
,Texas,Palo Pinto, 12 , $8 ,,,,,
,Texas,Nueces, 12 , $8 ,,,,,
,Utah,Summit, 12 , $8 ,,,,,
,Virginia,Charles City, 12 , $8 ,,,,,
,Virginia,Prince Edward, 12 , $8 ,,,,,
,Wisconsin,Polk, 12 , $8 ,,,,,
,Wisconsin,Chippewa, 12 , $8 ,,,,,
,West Virginia,Hardy, 12 , $8 ,,,,,
,North Carolina,Chowan, 11 , $7 ,,,,,
,North Carolina,Polk, 11 , $7 ,,,,,
,Indiana,Blackford, 11 , $7 ,,,,,
,Indiana,Randolph, 11 , $7 ,,,,,
,Indiana,Monroe, 11 , $7 ,,,,,
,Iowa,Louisa, 11 , $7 ,,,,,
,Iowa,Emmet, 11 , $7 ,,,,,
,Iowa,Ida, 11 , $7 ,,,,,
,Kansas,Lyon, 11 , $7 ,,,,,
,California,Trinity, 11 , $7 ,,,,,
,Colorado,Grand, 11 , $7 ,,,,,
,Florida,Gadsden, 11 , $7 ,,,,,
,Idaho,Canyon, 11 , $7 ,,,,,
,Idaho,Idaho, 11 , $7 ,,,,,
,Illinois,Ogle, 11 , $7 ,,,,,
,Minnesota,Pine, 11 , $7 ,,,,,
,Mississippi,Yazoo, 11 , $7 ,,,,,
,Pennsylvania,Crawford, 11 , $7 ,,,,,
,Texas,Harrison, 11 , $7 ,,,,,
,Texas,Lamar, 11 , $7 ,,,,,
,Virginia,Fluvanna, 11 , $7 ,,,,,
,Washington,Island, 11 , $7 ,,,,,
,Washington,Asotin, 11 , $7 ,,,,,
,Washington,Clallam, 11 , $7 ,,,,,
,Wisconsin,Washington, 11 , $7 ,,,,,
,Wisconsin,Green Lake, 11 , $7 ,,,,,
,Wisconsin,St. Croix, 11 , $7 ,,,,,
,Wyoming,Sublette, 11 , $7 ,,,,,
,Indiana,Starke, 10 , $7 ,,,,,
,Indiana,Ripley, 10 , $7 ,,,,,
,Iowa,Greene, 10 , $7 ,,,,,
,Iowa,Guthrie, 10 , $7 ,,,,,
,Kansas,Ellis, 10 , $7 ,,,,,
,Kansas,Reno, 10 , $7 ,,,,,
,Nebraska,Nemaha, 10 , $7 ,,,,,
,Arkansas,Polk, 10 , $7 ,,,,,
,Arkansas,Woodruff, 10 , $7 ,,,,,
,California,San Mateo, 10 , $7 ,,,,,
,California,Napa, 10 , $7 ,,,,,
,Colorado,Gunnison, 10 , $7 ,,,,,
,Colorado,Alamosa, 10 , $7 ,,,,,
,Maryland,Calvert, 10 , $7 ,,,,,
,Minnesota,Brown, 10 , $7 ,,,,,
,Minnesota,Chippewa, 10 , $7 ,,,,,
,Minnesota,Carver, 10 , $7 ,,,,,
,New Mexico,Los Alamos, 10 , $7 ,,,,,
,South Dakota,Union, 10 , $7 ,,,,,
,Texas,Smith, 10 , $7 ,,,,,
,Texas,Walker, 10 , $7 ,,,,,
,Virginia,Goochland, 10 , $7 ,,,,,
,Wisconsin,Waukesha, 10 , $7 ,,,,,
,Wisconsin,Barron, 10 , $7 ,,,,,
,Kentucky,Caldwell, 9 , $6 ,,,,,
,North Carolina,Alleghany, 9 , $6 ,,,,,
,North Carolina,Transylvania, 9 , $6 ,,,,,
,North Carolina,Swain, 9 , $6 ,,,,,
,North Carolina,Caldwell, 9 , $6 ,,,,,
,Indiana,Pulaski, 9 , $6 ,,,,,
,Indiana,Spencer, 9 , $6 ,,,,,
,Missouri,Pike, 9 , $6 ,,,,,
,Alabama,Crenshaw, 9 , $6 ,,,,,
,Nebraska,Wayne, 9 , $6 ,,,,,
,Nebraska,Hamilton, 9 , $6 ,,,,,
,Ohio,Vinton, 9 , $6 ,,,,,
,Michigan,Otsego, 9 , $6 ,,,,,
,Indiana,Brown, 9 , $6 ,,,,,
,Arkansas,Johnson, 9 , $6 ,,,,,
,Arkansas,Carroll, 9 , $6 ,,,,,
,California,Modoc, 9 , $6 ,,,,,
,Colorado,Bent, 9 , $6 ,,,,,
,Colorado,Boulder, 9 , $6 ,,,,,
,Florida,Calhoun, 9 , $6 ,,,,,
,Louisiana,Saint Mary, 9 , $6 ,,,,,
,Minnesota,Pennington, 9 , $6 ,,,,,
,Minnesota,Lyon, 9 , $6 ,,,,,
,Mississippi,Calhoun, 9 , $6 ,,,,,
,Pennsylvania,Greene, 9 , $6 ,,,,,
,Washington,Snohomish, 9 , $6 ,,,,,
,Wisconsin,Pierce, 9 , $6 ,,,,,
,West Virginia,Ritchie, 9 , $6 ,,,,,
,Kentucky,Ballard, 8 , $5 ,,,,,
,North Carolina,Haywood, 8 , $5 ,,,,,
,Indiana,Hendricks, 8 , $5 ,,,,,
,Oklahoma,McClain, 8 , $5 ,,,,,
,Nebraska,Knox, 8 , $5 ,,,,,
,Nebraska,Fillmore, 8 , $5 ,,,,,
,Ohio,Morgan, 8 , $5 ,,,,,
,Georgia,Evans, 8 , $5 ,,,,,
,Michigan,Ionia, 8 , $5 ,,,,,
,Texas,Madison, 8 , $5 ,,,,,
,Colorado,Teller, 8 , $5 ,,,,,
,Colorado,Weld, 8 , $5 ,,,,,
,Colorado,Rio Blanco, 8 , $5 ,,,,,
,Colorado,Lake, 8 , $5 ,,,,,
,Florida,Monroe, 8 , $5 ,,,,,
,Florida,Nassau, 8 , $5 ,,,,,
,Florida,Hamilton, 8 , $5 ,,,,,
,Illinois,Clark, 8 , $5 ,,,,,
,Maryland,Anne Arundel, 8 , $5 ,,,,,
,Minnesota,Clay, 8 , $5 ,,,,,
,Mississippi,Chickasaw, 8 , $5 ,,,,,
,Montana,Rosebud, 8 , $5 ,,,,,
,North Dakota,Stutsman, 8 , $5 ,,,,,
,New Jersey,Bergen, 8 , $5 ,,,,,
,New Mexico,Luna, 8 , $5 ,,,,,
,Nevada,Washoe, 8 , $5 ,,,,,
,Texas,Maverick, 8 , $5 ,,,,,
,Virginia,King George, 8 , $5 ,,,,,
,Wisconsin,Monroe, 8 , $5 ,,,,,
,Wisconsin,Vernon, 8 , $5 ,,,,,
,Wisconsin,Richland, 8 , $5 ,,,,,
,Wyoming,Washakie, 8 , $5 ,,,,,
,North Carolina,Davie, 7 , $5 ,,,,,
,Indiana,Noble, 7 , $5 ,,,,,
,Oklahoma,Haskell, 7 , $5 ,,,,,
,Iowa,Hamilton, 7 , $5 ,,,,,
,Iowa,Adams, 7 , $5 ,,,,,
,Iowa,Clarke, 7 , $5 ,,,,,
,Iowa,Osceola, 7 , $5 ,,,,,
,Missouri,Lewis, 7 , $5 ,,,,,
,Kansas,Ford, 7 , $5 ,,,,,
,Kansas,Brown, 7 , $5 ,,,,,
,Kansas,Crawford, 7 , $5 ,,,,,
,Kansas,Atchison, 7 , $5 ,,,,,
,Kansas,Douglas, 7 , $5 ,,,,,
,Mississippi,Tunica, 7 , $5 ,,,,,
,Georgia,Taylor, 7 , $5 ,,,,,
,Michigan,Menominee, 7 , $5 ,,,,,
,Arizona,Greenlee, 7 , $5 ,,,,,
,California,Santa Clara, 7 , $5 ,,,,,
,California,Colusa, 7 , $5 ,,,,,
,California,Calaveras, 7 , $5 ,,,,,
,Colorado,Delta, 7 , $5 ,,,,,
,Colorado,Conejos, 7 , $5 ,,,,,
,Florida,Gulf, 7 , $5 ,,,,,
,Idaho,Madison, 7 , $5 ,,,,,
,Idaho,Teton, 7 , $5 ,,,,,
,Idaho,Bonneville, 7 , $5 ,,,,,
,Louisiana,Saint Martin, 7 , $5 ,,,,,
,Maryland,Howard, 7 , $5 ,,,,,
,Mississippi,Tishomingo, 7 , $5 ,,,,,
,North Dakota,Grand Forks, 7 , $5 ,,,,,
,New Jersey,Somerset, 7 , $5 ,,,,,
,Oregon,Grant, 7 , $5 ,,,,,
,Oregon,Morrow, 7 , $5 ,,,,,
,Texas,Collin, 7 , $5 ,,,,,
,Utah,Wasatch, 7 , $5 ,,,,,
,Virginia,King William, 7 , $5 ,,,,,
,Virginia,Clarke, 7 , $5 ,,,,,
,Virginia,Surry, 7 , $5 ,,,,,
,Wisconsin,Columbia, 7 , $5 ,,,,,
,Kentucky,Larue, 6 , $4 ,,,,,
,Kentucky,Butler, 6 , $4 ,,,,,
,Kentucky,Union, 6 , $4 ,,,,,
,North Carolina,Gates, 6 , $4 ,,,,,
,Indiana,Knox, 6 , $4 ,,,,,
,Indiana,Tipton, 6 , $4 ,,,,,
,Indiana,Sullivan, 6 , $4 ,,,,,
,Indiana,White, 6 , $4 ,,,,,
,Oklahoma,Delaware, 6 , $4 ,,,,,
,Iowa,Decatur, 6 , $4 ,,,,,
,Missouri,Audrain, 6 , $4 ,,,,,
,Missouri,Moniteau, 6 , $4 ,,,,,
,Kansas,Barton, 6 , $4 ,,,,,
,Kansas,Harvey, 6 , $4 ,,,,,
,Ohio,Meigs, 6 , $4 ,,,,,
,Ohio,Perry, 6 , $4 ,,,,,
,Georgia,Dodge, 6 , $4 ,,,,,
,Georgia,White, 6 , $4 ,,,,,
,Arkansas,Van Buren, 6 , $4 ,,,,,
,Colorado,Custer, 6 , $4 ,,,,,
,Florida,Union, 6 , $4 ,,,,,
,Idaho,Bannock, 6 , $4 ,,,,,
,Idaho,Nez Perce, 6 , $4 ,,,,,
,Illinois,Vermilion, 6 , $4 ,,,,,
,Illinois,Johnson, 6 , $4 ,,,,,
,Illinois,Ford, 6 , $4 ,,,,,
,Minnesota,Scott, 6 , $4 ,,,,,
,Montana,Powell, 6 , $4 ,,,,,
,Montana,Lincoln, 6 , $4 ,,,,,
,Oregon,Clackamas, 6 , $4 ,,,,,
,South Carolina,Kershaw, 6 , $4 ,,,,,
,Utah,Beaver, 6 , $4 ,,,,,
,Utah,Salt Lake, 6 , $4 ,,,,,
,Virginia,Harrisonburg City, 6 , $4 ,,,,,
,Wisconsin,Marquette, 6 , $4 ,,,,,
,Wisconsin,Clark, 6 , $4 ,,,,,
,Wisconsin,Ashland, 6 , $4 ,,,,,
,Kentucky,Grayson, 5 , $3 ,,,,,
,North Carolina,Hertford, 5 , $3 ,,,,,
,North Carolina,Perquimans, 5 , $3 ,,,,,
,North Carolina,Caswell, 5 , $3 ,,,,,
,Indiana,Orange, 5 , $3 ,,,,,
,Indiana,Cass, 5 , $3 ,,,,,
,Iowa,Davis, 5 , $3 ,,,,,
,Iowa,Fremont, 5 , $3 ,,,,,
,Iowa,Carroll, 5 , $3 ,,,,,
,Missouri,Benton, 5 , $3 ,,,,,
,Missouri,Chariton, 5 , $3 ,,,,,
,Missouri,Polk, 5 , $3 ,,,,,
,Missouri,Henry, 5 , $3 ,,,,,
,Missouri,Lawrence, 5 , $3 ,,,,,
,Missouri,Pettis, 5 , $3 ,,,,,
,Missouri,Andrew, 5 , $3 ,,,,,
,Alabama,Henry, 5 , $3 ,,,,,
,Kansas,Franklin, 5 , $3 ,,,,,
,Kansas,Montgomery, 5 , $3 ,,,,,
,Nebraska,Sarpy, 5 , $3 ,,,,,
,Ohio,Putnam, 5 , $3 ,,,,,
,Georgia,Clay, 5 , $3 ,,,,,
,Georgia,Lincoln, 5 , $3 ,,,,,
,Michigan,Newaygo, 5 , $3 ,,,,,
,Texas,Limestone, 5 , $3 ,,,,,
,Texas,San Saba, 5 , $3 ,,,,,
,Arkansas,Ashley, 5 , $3 ,,,,,
,Arkansas,Searcy, 5 , $3 ,,,,,
,Arkansas,Grant, 5 , $3 ,,,,,
,Arkansas,Hempstead, 5 , $3 ,,,,,
,California,San Luis Obispo, 5 , $3 ,,,,,
,California,Santa Barbara, 5 , $3 ,,,,,
,Colorado,Montrose, 5 , $3 ,,,,,
,Delaware,New Castle, 5 , $3 ,,,,,
,Idaho,Lincoln, 5 , $3 ,,,,,
,Idaho,Cassia, 5 , $3 ,,,,,
,Idaho,Boundary, 5 , $3 ,,,,,
,Illinois,Livingston, 5 , $3 ,,,,,
,Illinois,DeKalb, 5 , $3 ,,,,,
,Louisiana,Tangipahoa, 5 , $3 ,,,,,
,Mississippi,Marion, 5 , $3 ,,,,,
,Mississippi,Noxubee, 5 , $3 ,,,,,
,Mississippi,Pontotoc, 5 , $3 ,,,,,
,Montana,Fergus, 5 , $3 ,,,,,
,North Dakota,Williams, 5 , $3 ,,,,,
,North Dakota,Stark, 5 , $3 ,,,,,
,New Mexico,San Juan, 5 , $3 ,,,,,
,New York,Bronx, 5 , $3 ,,,,,
,Pennsylvania,Potter, 5 , $3 ,,,,,
,South Carolina,Edgefield, 5 , $3 ,,,,,
,Texas,Val Verde, 5 , $3 ,,,,,
,Utah,Box Elder, 5 , $3 ,,,,,
,Virginia,Rappahannock, 5 , $3 ,,,,,
,Virginia,Fauquier, 5 , $3 ,,,,,
,Washington,San Juan, 5 , $3 ,,,,,
,Wisconsin,Burnett, 5 , $3 ,,,,,
,Kentucky,Daviess, 4 , $3 ,,,,,
,North Carolina,Burke, 4 , $3 ,,,,,
,North Carolina,Columbus, 4 , $3 ,,,,,
,North Carolina,Washington, 4 , $3 ,,,,,
,North Carolina,Hyde, 4 , $3 ,,,,,
,Indiana,Greene, 4 , $3 ,,,,,
,Oklahoma,Pawnee, 4 , $3 ,,,,,
,Oklahoma,Marshall, 4 , $3 ,,,,,
,Oklahoma,Custer, 4 , $3 ,,,,,
,Iowa,Hardin, 4 , $3 ,,,,,
,Missouri,Perry, 4 , $3 ,,,,,
,Missouri,Barry, 4 , $3 ,,,,,
,Missouri,Howard, 4 , $3 ,,,,,
,Missouri,Pulaski, 4 , $3 ,,,,,
,Texas,Zavala, 4 , $3 ,,,,,
,Kansas,Bourbon, 4 , $3 ,,,,,
,Kansas,Seward, 4 , $3 ,,,,,
,Arkansas,Mississippi, 4 , $3 ,,,,,
,Ohio,Monroe, 4 , $3 ,,,,,
,Michigan,Montmorency, 4 , $3 ,,,,,
,Alaska,Anchorage, 4 , $3 ,,,,,
,Arkansas,Dallas, 4 , $3 ,,,,,
,Arkansas,Izard, 4 , $3 ,,,,,
,California,Sierra, 4 , $3 ,,,,,
,California,Yuba, 4 , $3 ,,,,,
,California,Mariposa, 4 , $3 ,,,,,
,California,San Joaquin, 4 , $3 ,,,,,
,Colorado,Saguache, 4 , $3 ,,,,,
,Colorado,Yuma, 4 , $3 ,,,,,
,Colorado,El Paso, 4 , $3 ,,,,,
,Colorado,Gilpin, 4 , $3 ,,,,,
,Florida,Washington, 4 , $3 ,,,,,
,Louisiana,La Salle, 4 , $3 ,,,,,
,Louisiana,Webster, 4 , $3 ,,,,,
,Minnesota,Renville, 4 , $3 ,,,,,
,Mississippi,Lincoln, 4 , $3 ,,,,,
,Mississippi,Neshoba, 4 , $3 ,,,,,
,Montana,Lake, 4 , $3 ,,,,,
,Montana,Sanders, 4 , $3 ,,,,,
,Montana,Missoula, 4 , $3 ,,,,,
,Nevada,Storey, 4 , $3 ,,,,,
,New York,Nassau, 4 , $3 ,,,,,
,Oregon,Multnomah, 4 , $3 ,,,,,
,South Carolina,Chester, 4 , $3 ,,,,,
,South Carolina,Barnwell, 4 , $3 ,,,,,
,Virginia,Alexandria City, 4 , $3 ,,,,,
,Wisconsin,Iron, 4 , $3 ,,,,,
,Wisconsin,Waushara, 4 , $3 ,,,,,
,Wisconsin,Washburn, 4 , $3 ,,,,,
,Wyoming,Park, 4 , $3 ,,,,,
,Kentucky,Hickman, 3 , $2 ,,,,,
,North Carolina,Tyrrell, 3 , $2 ,,,,,
,North Carolina,Henderson, 3 , $2 ,,,,,
,North Carolina,Madison, 3 , $2 ,,,,,
,North Carolina,Macon, 3 , $2 ,,,,,
,Indiana,Vermillion, 3 , $2 ,,,,,
,Indiana,Whitley, 3 , $2 ,,,,,
,Indiana,Perry, 3 , $2 ,,,,,
,Oklahoma,Kingfisher, 3 , $2 ,,,,,
,Oklahoma,Love, 3 , $2 ,,,,,
,Oklahoma,Woods, 3 , $2 ,,,,,
,Oklahoma,Cotton, 3 , $2 ,,,,,
,Oklahoma,Jefferson, 3 , $2 ,,,,,
,Iowa,Lyon, 3 , $2 ,,,,,
,Iowa,Adair, 3 , $2 ,,,,,
,Missouri,Sullivan, 3 , $2 ,,,,,
,Missouri,Ray, 3 , $2 ,,,,,
,Alabama,Lowndes, 3 , $2 ,,,,,
,Kansas,Pottawatomie, 3 , $2 ,,,,,
,Kansas,Dickinson, 3 , $2 ,,,,,
,Kansas,Cloud, 3 , $2 ,,,,,
,Kansas,Neosho, 3 , $2 ,,,,,
,Kansas,Pratt, 3 , $2 ,,,,,
,Mississippi,Tippah, 3 , $2 ,,,,,
,Nebraska,Dixon, 3 , $2 ,,,,,
,Nebraska,Dawes, 3 , $2 ,,,,,
,Ohio,Noble, 3 , $2 ,,,,,
,Michigan,Sanilac, 3 , $2 ,,,,,
,Michigan,Alcona, 3 , $2 ,,,,,
,Michigan,Iron, 3 , $2 ,,,,,
,Texas,Mason, 3 , $2 ,,,,,
,Arkansas,Marion, 3 , $2 ,,,,,
,California,Inyo, 3 , $2 ,,,,,
,California,Yolo, 3 , $2 ,,,,,
,California,Ventura, 3 , $2 ,,,,,
,California,Amador, 3 , $2 ,,,,,
,California,Glenn, 3 , $2 ,,,,,
,California,Shasta, 3 , $2 ,,,,,
,Colorado,San Miguel, 3 , $2 ,,,,,
,Colorado,Prowers, 3 , $2 ,,,,,
,Florida,Lafayette, 3 , $2 ,,,,,
,Florida,Sarasota, 3 , $2 ,,,,,
,Florida,Franklin, 3 , $2 ,,,,,
,Idaho,Latah, 3 , $2 ,,,,,
,Idaho,Benewah, 3 , $2 ,,,,,
,Idaho,Franklin, 3 , $2 ,,,,,
,Illinois,Union, 3 , $2 ,,,,,
,Louisiana,Assumption, 3 , $2 ,,,,,
,Louisiana,Jefferson Davis, 3 , $2 ,,,,,
,Oregon,Benton, 3 , $2 ,,,,,
,Oregon,Harney, 3 , $2 ,,,,,
,South Carolina,Fairfield, 3 , $2 ,,,,,
,Texas,Midland, 3 , $2 ,,,,,
,Texas,Titus, 3 , $2 ,,,,,
,Texas,Lavaca, 3 , $2 ,,,,,
,Texas,Wharton, 3 , $2 ,,,,,
,Texas,Hood, 3 , $2 ,,,,,
,Texas,Hopkins, 3 , $2 ,,,,,
,Virginia,New Kent, 3 , $2 ,,,,,
,Wisconsin,Douglas, 3 , $2 ,,,,,
,Wisconsin,Buffalo, 3 , $2 ,,,,,
,Wisconsin,Jackson, 3 , $2 ,,,,,
,Wyoming,Goshen, 3 , $2 ,,,,,
,Wyoming,Platte, 3 , $2 ,,,,,
,Kentucky,Crittenden, 2 , $1 ,,,,,
,Kentucky,Livingston, 2 , $1 ,,,,,
,Kentucky,Ohio, 2 , $1 ,,,,,
,Kentucky,Webster, 2 , $1 ,,,,,
,Kentucky,Carlisle, 2 , $1 ,,,,,
,North Carolina,Bertie, 2 , $1 ,,,,,
,North Carolina,Pamlico, 2 , $1 ,,,,,
,North Carolina,Camden, 2 , $1 ,,,,,
,North Carolina,Clay, 2 , $1 ,,,,,
,Indiana,Fayette, 2 , $1 ,,,,,
,Indiana,Jay, 2 , $1 ,,,,,
,Indiana,Clay, 2 , $1 ,,,,,
,Indiana,Daviess, 2 , $1 ,,,,,
,Indiana,Pike, 2 , $1 ,,,,,
,Oklahoma,Atoka, 2 , $1 ,,,,,
,Oklahoma,Garvin, 2 , $1 ,,,,,
,Oklahoma,Washita, 2 , $1 ,,,,,
,Oklahoma,Johnston, 2 , $1 ,,,,,
,Oklahoma,Seminole, 2 , $1 ,,,,,
,Oklahoma,Harmon, 2 , $1 ,,,,,
,Iowa,Audubon, 2 , $1 ,,,,,
,Iowa,Van Buren, 2 , $1 ,,,,,
,Iowa,Appanoose, 2 , $1 ,,,,,
,Missouri,Cedar, 2 , $1 ,,,,,
,Missouri,Miller, 2 , $1 ,,,,,
,Missouri,Pemiscot, 2 , $1 ,,,,,
,Missouri,Buchanan, 2 , $1 ,,,,,
,Alabama,Russell, 2 , $1 ,,,,,
,Alabama,Choctaw, 2 , $1 ,,,,,
,Alabama,Clarke, 2 , $1 ,,,,,
,Kansas,Cherokee, 2 , $1 ,,,,,
,Kansas,Rooks, 2 , $1 ,,,,,
,Kansas,Jackson, 2 , $1 ,,,,,
,Kansas,Jefferson, 2 , $1 ,,,,,
,Kansas,Scott, 2 , $1 ,,,,,
,Kansas,Allen, 2 , $1 ,,,,,
,Nebraska,Dakota, 2 , $1 ,,,,,
,Nebraska,Keith, 2 , $1 ,,,,,
,Nebraska,Box Butte, 2 , $1 ,,,,,
,Nebraska,Howard, 2 , $1 ,,,,,
,Georgia,Turner, 2 , $1 ,,,,,
,Texas,Hamilton, 2 , $1 ,,,,,
,Kentucky,Harrison, 2 , $1 ,,,,,
,Arkansas,Scott, 2 , $1 ,,,,,
,Arkansas,Arkansas, 2 , $1 ,,,,,
,Arkansas,Madison, 2 , $1 ,,,,,
,Arkansas,Calhoun, 2 , $1 ,,,,,
,Arkansas,Clark, 2 , $1 ,,,,,
,California,Marin, 2 , $1 ,,,,,
,Colorado,Ouray, 2 , $1 ,,,,,
,Hawaii,Kauai, 2 , $1 ,,,,,
,Idaho,Oneida, 2 , $1 ,,,,,
,Idaho,Bear Lake, 2 , $1 ,,,,,
,Louisiana,Vernon, 2 , $1 ,,,,,
,Minnesota,Dakota, 2 , $1 ,,,,,
,Mississippi,Smith, 2 , $1 ,,,,,
,Mississippi,Choctaw, 2 , $1 ,,,,,
,Montana,Granite, 2 , $1 ,,,,,
,North Dakota,Richland, 2 , $1 ,,,,,
,New Mexico,Curry, 2 , $1 ,,,,,
,New Mexico,Socorro, 2 , $1 ,,,,,
,New York,New York, 2 , $1 ,,,,,
,Oregon,Washington, 2 , $1 ,,,,,
,Oregon,Tillamook, 2 , $1 ,,,,,
,Pennsylvania,Susquehanna, 2 , $1 ,,,,,
,South Carolina,Lee, 2 , $1 ,,,,,
,South Carolina,Jasper, 2 , $1 ,,,,,
,South Carolina,Berkeley, 2 , $1 ,,,,,
,Texas,Anderson, 2 , $1 ,,,,,
,Texas,Ector, 2 , $1 ,,,,,
,Texas,Erath, 2 , $1 ,,,,,
,Texas,Hockley, 2 , $1 ,,,,,
,Texas,Wilbarger, 2 , $1 ,,,,,
,Texas,Matagorda, 2 , $1 ,,,,,
,Texas,Hale, 2 , $1 ,,,,,
,Texas,Aransas, 2 , $1 ,,,,,
,Texas,Red River, 2 , $1 ,,,,,
,Virginia,Loudoun, 2 , $1 ,,,,,
,Virginia,Floyd, 2 , $1 ,,,,,
,Virginia,Virginia Beach City, 2 , $1 ,,,,,
,Virginia,Prince William, 2 , $1 ,,,,,
,Wyoming,Crook, 2 , $1 ,,,,,
,Wyoming,Big Horn, 2 , $1 ,,,,,
,Wyoming,Johnson, 2 , $1 ,,,,,
,Kentucky,Hancock, 1 , $1 ,,,,,
,Kentucky,Hart, 1 , $1 ,,,,,
,North Carolina,Graham, 1 , $1 ,,,,,
,North Carolina,Alexander, 1 , $1 ,,,,,
,Indiana,Parke, 1 , $1 ,,,,,
,Indiana,Fulton, 1 , $1 ,,,,,
,Indiana,Martin, 1 , $1 ,,,,,
,Indiana,Newton, 1 , $1 ,,,,,
,Oklahoma,Sequoyah, 1 , $1 ,,,,,
,Oklahoma,Pushmataha, 1 , $1 ,,,,,
,Oklahoma,Blaine, 1 , $1 ,,,,,
,Oklahoma,Harper, 1 , $1 ,,,,,
,Oklahoma,Okfuskee, 1 , $1 ,,,,,
,Oklahoma,Lincoln, 1 , $1 ,,,,,
,Oklahoma,Beaver, 1 , $1 ,,,,,
,Oklahoma,Choctaw, 1 , $1 ,,,,,
,Iowa,Ringgold, 1 , $1 ,,,,,
,Missouri,Gasconade, 1 , $1 ,,,,,
,Missouri,DeKalb, 1 , $1 ,,,,,
,Missouri,Stoddard, 1 , $1 ,,,,,
,Missouri,Harrison, 1 , $1 ,,,,,
,Missouri,Douglas, 1 , $1 ,,,,,
,Missouri,Hickory, 1 , $1 ,,,,,
,Missouri,Osage, 1 , $1 ,,,,,
,Missouri,Vernon, 1 , $1 ,,,,,
,Missouri,Washington, 1 , $1 ,,,,,
,Missouri,Mississippi, 1 , $1 ,,,,,
,Missouri,Livingston, 1 , $1 ,,,,,
,Missouri,Barton, 1 , $1 ,,,,,
,Missouri,Macon, 1 , $1 ,,,,,
,Missouri,Ripley, 1 , $1 ,,,,,
,Missouri,Knox, 1 , $1 ,,,,,
,Missouri,Putnam, 1 , $1 ,,,,,
,Alabama,Bullock, 1 , $1 ,,,,,
,Alabama,Butler, 1 , $1 ,,,,,
,Alabama,Marengo, 1 , $1 ,,,,,
,Texas,Frio, 1 , $1 ,,,,,
,Texas,McMullen, 1 , $1 ,,,,,
,Texas,La Salle, 1 , $1 ,,,,,
,Texas,DeWitt, 1 , $1 ,,,,,
,Kansas,Chautauqua, 1 , $1 ,,,,,
,Kansas,Greenwood, 1 , $1 ,,,,,
,Kansas,Stevens, 1 , $1 ,,,,,
,Kansas,Clay, 1 , $1 ,,,,,
,Kansas,Marshall, 1 , $1 ,,,,,
,Kansas,Norton, 1 , $1 ,,,,,
,Kansas,Sherman, 1 , $1 ,,,,,
,Kansas,Osage, 1 , $1 ,,,,,
,Kansas,Thomas, 1 , $1 ,,,,,
,Kansas,Ottawa, 1 , $1 ,,,,,
,Kansas,Marion, 1 , $1 ,,,,,
,Kansas,Ellsworth, 1 , $1 ,,,,,
,Kansas,Meade, 1 , $1 ,,,,,
,Kansas,Labette, 1 , $1 ,,,,,
,Kansas,Edwards, 1 , $1 ,,,,,
,Kansas,Grant, 1 , $1 ,,,,,
,Kansas,Smith, 1 , $1 ,,,,,
,Kansas,Republic, 1 , $1 ,,,,,
,Kansas,Sumner, 1 , $1 ,,,,,
,Kansas,Rice, 1 , $1 ,,,,,
,Kansas,Morris, 1 , $1 ,,,,,
,Kansas,Anderson, 1 , $1 ,,,,,
,Kansas,Linn, 1 , $1 ,,,,,
,Nebraska,Jefferson, 1 , $1 ,,,,,
,Nebraska,Richardson, 1 , $1 ,,,,,
,Nebraska,Red Willow, 1 , $1 ,,,,,
,Nebraska,Butler, 1 , $1 ,,,,,
,Nebraska,Nuckolls, 1 , $1 ,,,,,
,Nebraska,Furnas, 1 , $1 ,,,,,
,Georgia,Webster, 1 , $1 ,,,,,
,Michigan,Keweenaw, 1 , $1 ,,,,,
,Michigan,Schoolcraft, 1 , $1 ,,,,,
,Michigan,Benzie, 1 , $1 ,,,,,
,Alaska,Chugach, 1 , $1 ,,,,,
,Alaska,Kodiak Island, 1 , $1 ,,,,,
,Arkansas,Bradley, 1 , $1 ,,,,,
,Arkansas,Montgomery, 1 , $1 ,,,,,
,Arkansas,Stone, 1 , $1 ,,,,,
,California,Sutter, 1 , $1 ,,,,,
,California,Orange, 1 , $1 ,,,,,
,California,Contra Costa, 1 , $1 ,,,,,
,California,Alameda, 1 , $1 ,,,,,
,Colorado,Dolores, 1 , $1 ,,,,,
,Colorado,Larimer, 1 , $1 ,,,,,
,Colorado,Denver, 1 , $1 ,,,,,
,Colorado,Jackson, 1 , $1 ,,,,,
,Colorado,Clear Creek, 1 , $1 ,,,,,
,Colorado,Jefferson, 1 , $1 ,,,,,
,Colorado,Kit Carson, 1 , $1 ,,,,,
,Colorado,Arapahoe, 1 , $1 ,,,,,
,Colorado,Park, 1 , $1 ,,,,,
,Colorado,Lincoln, 1 , $1 ,,,,,
,Colorado,Huerfano, 1 , $1 ,,,,,
,District of Columbia,District Of Columbia, 1 , $1 ,,,,,
,Florida,Miami-Dade, 1 , $1 ,,,,,
,Hawaii,Honolulu, 1 , $1 ,,,,,
,Idaho,Payette, 1 , $1 ,,,,,
,Idaho,Lewis, 1 , $1 ,,,,,
,Idaho,Bingham, 1 , $1 ,,,,,
,Illinois,Warren, 1 , $1 ,,,,,
,Illinois,Bureau, 1 , $1 ,,,,,
,Illinois,Randolph, 1 , $1 ,,,,,
,Illinois,Iroquois, 1 , $1 ,,,,,
,Louisiana,East Feliciana, 1 , $1 ,,,,,
,Louisiana,West Feliciana, 1 , $1 ,,,,,
,Louisiana,Iberville, 1 , $1 ,,,,,
,Louisiana,Plaquemines, 1 , $1 ,,,,,
,Maryland,Montgomery, 1 , $1 ,,,,,
,Minnesota,Anoka, 1 , $1 ,,,,,
,Mississippi,Itawamba, 1 , $1 ,,,,,
,Mississippi,Newton, 1 , $1 ,,,,,
,Mississippi,George, 1 , $1 ,,,,,
,Montana,Mineral, 1 , $1 ,,,,,
,Montana,Madison, 1 , $1 ,,,,,
,Montana,Beaverhead, 1 , $1 ,,,,,
,North Dakota,Emmons, 1 , $1 ,,,,,
,Oregon,Sherman, 1 , $1 ,,,,,
,Oregon,Columbia, 1 , $1 ,,,,,
,Pennsylvania,Snyder, 1 , $1 ,,,,,
,South Carolina,Dillon, 1 , $1 ,,,,,
,South Carolina,Hampton, 1 , $1 ,,,,,
,South Carolina,Horry, 1 , $1 ,,,,,
,Texas,Gaines, 1 , $1 ,,,,,
,Texas,Nacogdoches, 1 , $1 ,,,,,
,Texas,Somervell, 1 , $1 ,,,,,
,Texas,Houston, 1 , $1 ,,,,,
,Texas,Parmer, 1 , $1 ,,,,,
,Texas,Hutchinson, 1 , $1 ,,,,,
,Texas,Cherokee, 1 , $1 ,,,,,
,Texas,Mitchell, 1 , $1 ,,,,,
,Texas,Starr, 1 , $1 ,,,,,
,Texas,Tom Green, 1 , $1 ,,,,,
,Texas,Young, 1 , $1 ,,,,,
,Texas,Rockwall, 1 , $1 ,,,,,
,Texas,San Augustine, 1 , $1 ,,,,,
,Utah,Weber, 1 , $1 ,,,,,
,Utah,Davis, 1 , $1 ,,,,,
,Virginia,Craig, 1 , $1 ,,,,,
,Virginia,Emporia City, 1 , $1 ,,,,,
,Virginia,Carroll, 1 , $1 ,,,,,
,Virginia,Mathews, 1 , $1 ,,,,,
,Virginia,Poquoson City, 1 , $1 ,,,,,
,Virginia,Fredericksburg City, 1 , $1 ,,,,,
,Wisconsin,Door, 1 , $1 ,,,,,
,Wisconsin,Ozaukee, 1 , $1 ,,,,,
,Wisconsin,Iowa, 1 , $1 ,,,,,
,Wisconsin,Taylor, 1 , $1 ,,,,,